[2603.13],2,2.0
[7748.21],4,4.0
[2645.77],2,2.0
[3596.76],3,3.0
[2628.0],2,2.0
[4026.53],3,3.0
[551.65],1,1.0
[6919.53],4,4.0
[263.75],0,0.0
[2399.54],2,2.0
[5193.07],4,4.0
[2816.51],2,2.0
[1199.92],1,1.0
[1097.01],1,1.0
[1030.06],1,1.0
[1869.52],2,2.0
[2750.85],2,2.0
[1892.93],2,2.0
[1573.65],2,2.0
[3627.78],3,3.0
[1245.54],1,1.0
[3170.95],3,3.0
[861.22],1,1.0
[3350.73],3,3.0
[1044.71],1,1.0
[3445.73],3,3.0
[1758.27],2,2.0
[608.01],1,1.0
[2784.51],2,2.0
[3569.43],3,3.0
[2161.73],2,2.0
[3770.71],3,3.0
[3809.14],3,3.0
[2454.08],2,2.0
[2983.01],2,2.0
[2268.04],2,2.0
[3768.18],3,3.0
[3957.64],3,3.0
[2093.82],2,2.0
[3779.1],3,3.0
[3286.14],3,3.0
[4670.57],3,3.0
[2099.53],2,2.0
[2930.22],2,2.0
[3727.01],3,3.0
[2130.61],2,2.0
[2540.9],2,2.0
[2796.01],2,2.0
[1927.44],2,2.0
[2893.76],2,2.0
[1172.74],1,1.0
[1093.12],1,1.0
[2386.56],2,2.0
[4247.42],3,3.0
[3171.27],3,3.0
[2287.68],2,2.0
[6649.59],4,4.0
[786.77],1,1.0
[3388.83],3,3.0
[3427.31],3,3.0
[2975.89],2,2.0
[2507.44],2,2.0
[3411.03],3,3.0
[1919.41],2,2.0
[640.38],1,1.0
[2727.04],2,2.0
[7057.86],4,4.0
[1425.36],1,1.0
[1309.65],1,1.0
[2420.82],2,2.0
[3230.32],3,3.0
[1904.16],2,2.0
[3377.7],3,3.0
[3582.3],3,3.0
[3469.95],3,3.0
[3151.17],3,3.0
[2623.13],2,2.0
[3580.12],3,3.0
[3067.49],3,3.0
[1143.26],1,1.0
[2257.78],2,2.0
[1156.56],1,1.0
[2085.54],2,2.0
[3594.97],3,3.0
[1158.12],1,1.0
[3360.61],3,3.0
[2175.35],2,2.0
[1409.75],1,1.0
[3505.52],3,3.0
[941.73],1,1.0
[1679.39],2,2.0
[1616.77],2,2.0
[2681.57],2,2.0
[3151.98],3,3.0
[1986.46],2,2.0
[3883.07],3,3.0
[2165.61],2,2.0
[3562.31],3,3.0
[2980.22],2,2.0
[3682.74],3,3.0
[2640.36],2,2.0
[3554.85],3,3.0
[2424.38],2,2.0
[2536.01],2,2.0
[2705.64],2,2.0
[1760.86],2,2.0
[3190.19],3,3.0
[1000.13],1,1.0
[1085.41],1,1.0
[1687.76],2,2.0
[1712.31],2,2.0
[13785.31],4,4.0
[1912.81],2,2.0
[1826.33],2,2.0
[1559.49],2,2.0
[2454.96],2,2.0
[2337.43],2,2.0
[2733.7],2,2.0
[2438.93],2,2.0
[1390.26],1,1.0
[1630.64],2,2.0
[2624.41],2,2.0
[1264.91],1,1.0
[2918.02],2,2.0
[3845.04],3,3.0
[3560.15],3,3.0
[2089.95],2,2.0
[3374.54],3,3.0
[2026.6],2,2.0
[2269.44],2,2.0
[7226.26],4,4.0
[3880.04],3,3.0
[3099.27],3,3.0
[1320.34],1,1.0
[3097.36],3,3.0
[3952.94],3,3.0
[2749.2],2,2.0
[5816.5],4,4.0
[1919.78],2,2.0
[3246.65],3,3.0
[3690.17],3,3.0
[2793.99],2,2.0
[3361.45],3,3.0
[3347.36],3,3.0
[2681.21],2,2.0
[2682.79],2,2.0
[3921.28],3,3.0
[3418.19],3,3.0
[1232.57],1,1.0
[3158.35],3,3.0
[2988.24],2,2.0
[2769.01],2,2.0
[3413.19],3,3.0
[1258.35],1,1.0
[2550.94],2,2.0
[2854.05],2,2.0
[3627.1],3,3.0
[3552.73],3,3.0
[4246.72],3,3.0
[145.75],0,0.0
[932.64],1,1.0
[3744.67],3,3.0
[1742.87],2,2.0
[1192.5],1,1.0
[2310.1],2,2.0
[1891.5],2,2.0
[1046.45],1,1.0
[3051.52],3,3.0
[1585.81],2,2.0
[741.42],1,1.0
[2449.43],2,2.0
[3223.26],3,3.0
[2326.64],2,2.0
[2634.4],2,2.0
[2627.68],2,2.0
[2252.12],2,2.0
[2635.06],2,2.0
[1728.78],2,2.0
[3155.12],3,3.0
[2385.22],2,2.0
[2102.01],2,2.0
[1572.41],2,2.0
[1233.82],1,1.0
[3677.12],3,3.0
[1627.39],2,2.0
[3293.17],3,3.0
[3675.99],3,3.0
[3168.96],3,3.0
[6805.52],4,4.0
[3597.77],3,3.0
[1541.24],2,2.0
[55.67],0,0.0
[10842.39],4,4.0
[4650.68],3,3.0
[1362.43],1,1.0
[2777.58],2,2.0
[1918.62],2,2.0
[821.17],1,1.0
[69.9],0,0.0
[3040.16],3,3.0
[3206.06],3,3.0
[631.53],1,1.0
[3103.47],3,3.0
[2025.92],2,2.0
[396.26],0,0.0
[2817.1],2,2.0
[576.9],1,1.0
[1598.08],2,2.0
[797.4],1,1.0
[1560.1],2,2.0
[2009.49],2,2.0
[3330.18],3,3.0
[3432.24],3,3.0
[2935.49],2,2.0
[1516.68],2,2.0
[1038.18],1,1.0
[961.28],1,1.0
[2849.59],2,2.0
[3347.82],3,3.0
[2870.73],2,2.0
[2054.5],2,2.0
[3775.97],3,3.0
[2080.76],2,2.0
[612.12],1,1.0
[1949.31],2,2.0
[578.37],1,1.0
[3802.23],3,3.0
[2513.03],2,2.0
[2406.88],2,2.0
[3389.18],3,3.0
[1639.85],2,2.0
[2107.04],2,2.0
[2386.83],2,2.0
[3724.22],3,3.0
[1262.0],1,1.0
[1732.29],2,2.0
[3460.86],3,3.0
[2243.93],2,2.0
[3284.22],3,3.0
[6485.71],4,4.0
[376.04],0,0.0
[3596.61],3,3.0
[2483.66],2,2.0
[1514.31],2,2.0
[13651.8],4,4.0
[1955.01],2,2.0
[958.51],1,1.0
[2053.92],2,2.0
[3487.67],3,3.0
[3827.95],3,3.0
[5311.16],4,4.0
[3097.16],3,3.0
[3616.25],3,3.0
[3400.63],3,3.0
[1700.59],2,2.0
[905.53],1,1.0
[3898.65],3,3.0
[2119.71],2,2.0
[2900.55],2,2.0
[3840.65],3,3.0
[1824.84],2,2.0
[2185.19],2,2.0
[2946.31],2,2.0
[1091.0],1,1.0
[3985.37],3,3.0
[3296.25],3,3.0
[3410.77],3,3.0
[1696.32],2,2.0
[2231.33],2,2.0
[2159.96],2,2.0
[3547.15],3,3.0
[3349.5],3,3.0
[2811.63],2,2.0
[1388.19],1,1.0
[3643.22],3,3.0
[1785.52],2,2.0
[4567.63],3,3.0
[1352.36],1,1.0
[3526.49],3,3.0
[2528.28],2,2.0
[1765.24],2,2.0
[1463.15],1,1.0
[3614.79],3,3.0
[7681.11],4,4.0
[2536.42],2,2.0
[2160.17],2,2.0
[3201.4],3,3.0
[5168.48],4,4.0
[2946.49],2,2.0
[1882.7],2,2.0
[3781.16],3,3.0
[2790.76],2,2.0
[3895.35],3,3.0
[3700.84],3,3.0
[2666.08],2,2.0
[1339.96],1,1.0
[3115.52],3,3.0
[1187.55],1,1.0
[3635.08],3,3.0
[2654.02],2,2.0
[3492.5],3,3.0
[1428.8],1,1.0
[2940.06],2,2.0
[2732.37],2,2.0
[3113.96],3,3.0
[7837.64],4,4.0
[3528.27],3,3.0
[1548.85],2,2.0
[3282.67],3,3.0
[908.48],1,1.0
[3554.75],3,3.0
[1143.31],1,1.0
[2333.29],2,2.0
[1651.67],2,2.0
[1407.31],1,1.0
[2114.19],2,2.0
[6828.91],4,4.0
[1682.41],2,2.0
[2354.33],2,2.0
[11775.35],4,4.0
[2898.85],2,2.0
[3783.74],3,3.0
[654.95],1,1.0
[3549.67],3,3.0
[2787.54],2,2.0
[3108.41],3,3.0
[3754.83],3,3.0
[760.49],1,1.0
[1458.51],1,1.0
[1782.05],2,2.0
[1249.26],1,1.0
[2993.04],2,2.0
[3156.04],3,3.0
[3468.29],3,3.0
[1728.84],2,2.0
[2861.84],2,2.0
[3476.92],3,3.0
[2248.31],2,2.0
[2532.44],2,2.0
[3012.71],3,3.0
[3796.47],3,3.0
[3087.64],3,3.0
[557.71],1,1.0
[2349.16],2,2.0
[3739.88],3,3.0
[3727.87],3,3.0
[1703.53],2,2.0
[2237.47],2,2.0
[3821.89],3,3.0
[1866.29],2,2.0
[12266.19],4,4.0
[15933.73],4,4.0
[4768.15],3,3.0
[3688.31],3,3.0
[2717.23],2,2.0
[375.66],0,0.0
[866.32],1,1.0
[3613.45],3,3.0
[3244.87],3,3.0
[2846.24],2,2.0
[516.65],1,1.0
[972.91],1,1.0
[751.74],1,1.0
[1303.51],1,1.0
[1031.15],1,1.0
[2469.16],2,2.0
[2360.12],2,2.0
[1900.63],2,2.0
[1726.53],2,2.0
[1044.03],1,1.0
[3384.99],3,3.0
[2291.11],2,2.0
[6227.04],4,4.0
[1560.04],2,2.0
[2772.83],2,2.0
[1039.52],1,1.0
[3679.92],3,3.0
[1991.32],2,2.0
[1875.54],2,2.0
[1576.91],2,2.0
[1861.33],2,2.0
[1247.6],1,1.0
[3469.36],3,3.0
[15421.07],4,4.0
[3865.42],3,3.0
[2986.67],2,2.0
[2905.87],2,2.0
[2455.73],2,2.0
[3017.18],3,3.0
[2469.53],2,2.0
[44.35],0,0.0
[2864.18],2,2.0
[1413.38],1,1.0
[3558.94],3,3.0
[3307.37],3,3.0
[1116.11],1,1.0
[3440.99],3,3.0
[3839.05],3,3.0
[3397.33],3,3.0
[3291.62],3,3.0
[3835.83],3,3.0
[2341.87],2,2.0
[3676.69],3,3.0
[1682.54],2,2.0
[2419.88],2,2.0
[3918.9],3,3.0
[6103.14],4,4.0
[6755.89],4,4.0
[3288.11],3,3.0
[1856.29],2,2.0
[3486.87],3,3.0
[3668.44],3,3.0
[2205.37],2,2.0
[2393.65],2,2.0
[3829.87],3,3.0
[2638.18],2,2.0
[1581.18],2,2.0
[1272.73],1,1.0
[1358.03],1,1.0
[17492.13],4,4.0
[554.16],1,1.0
[2895.34],2,2.0
[4782.72],3,3.0
[7238.9],4,4.0
[1811.42],2,2.0
[806.23],1,1.0
[1740.38],2,2.0
[2898.01],2,2.0
[3699.83],3,3.0
[5070.48],4,4.0
[748.33],1,1.0
[6824.46],4,4.0
[2741.96],2,2.0
[2851.84],2,2.0
[1739.27],2,2.0
[3136.65],3,3.0
[16938.48],4,4.0
[3203.27],3,3.0
[2080.17],2,2.0
[3092.99],3,3.0
[482.82],0,0.0
[1105.05],1,1.0
[9406.2],4,4.0
[735.49],1,1.0
[2181.78],2,2.0
[2471.67],2,2.0
[2244.8],2,2.0
[3207.89],3,3.0
[3585.54],3,3.0
[1090.08],1,1.0
[1242.97],1,1.0
[2790.54],2,2.0
[3429.6],3,3.0
[987.72],1,1.0
[2979.95],2,2.0
[2688.7],2,2.0
[3465.3],3,3.0
[2537.09],2,2.0
[1103.95],1,1.0
[3356.96],3,3.0
[3328.5],3,3.0
[2296.03],2,2.0
[2404.07],2,2.0
[3254.78],3,3.0
[1580.07],2,2.0
[2783.87],2,2.0
[2186.51],2,2.0
[7560.13],4,4.0
[3000.12],3,3.0
[3168.02],3,3.0
[3322.97],3,3.0
[2246.8],2,2.0
[1806.84],2,2.0
[8939.22],4,4.0
[1025.23],1,1.0
[2508.45],2,2.0
[2635.86],2,2.0
[1514.75],2,2.0
[3324.2],3,3.0
[3800.39],3,3.0
[2732.53],2,2.0
[3425.93],3,3.0
[3865.13],3,3.0
[1033.82],1,1.0
[1869.35],2,2.0
[6807.14],4,4.0
[2927.97],2,2.0
[2293.54],2,2.0
[1321.4],1,1.0
[1195.0],1,1.0
[1809.25],2,2.0
[2260.29],2,2.0
[894.6],1,1.0
[17198.1],4,4.0
[2649.5],2,2.0
[3397.81],3,3.0
[50.87],0,0.0
[3527.56],3,3.0
[628.25],1,1.0
[3269.71],3,3.0
[7412.84],4,4.0
[1337.9],1,1.0
[3249.82],3,3.0
[2289.4],2,2.0
[3858.15],3,3.0
[6524.99],4,4.0
[7563.24],4,4.0
[3049.27],3,3.0
[2466.05],2,2.0
[3688.87],3,3.0
[17102.02],4,4.0
[1174.66],1,1.0
[2267.51],2,2.0
[4958.1],3,3.0
[7035.84],4,4.0
[2920.95],2,2.0
[3771.42],3,3.0
[3412.32],3,3.0
[2756.73],2,2.0
[3557.16],3,3.0
[497.97],0,0.0
[2061.98],2,2.0
[2670.4],2,2.0
[3992.93],3,3.0
[1199.69],1,1.0
[2704.78],2,2.0
[3205.11],3,3.0
[3439.26],3,3.0
[2348.58],2,2.0
[1097.67],1,1.0
[1166.4],1,1.0
[1929.33],2,2.0
[3744.18],3,3.0
[1953.32],2,2.0
[1583.36],2,2.0
[3373.88],3,3.0
[3288.78],3,3.0
[4785.32],3,3.0
[220.16],0,0.0
[2472.1],2,2.0
[3063.44],3,3.0
[2797.59],2,2.0
[1401.52],1,1.0
[1011.03],1,1.0
[1216.65],1,1.0
[1039.85],1,1.0
[3188.93],3,3.0
[3944.12],3,3.0
[3324.07],3,3.0
[1499.65],1,1.0
[2603.18],2,2.0
[254.98],0,0.0
[1576.97],2,2.0
[5516.33],4,4.0
[2520.14],2,2.0
[2861.99],2,2.0
[1190.45],1,1.0
[2815.92],2,2.0
[1643.08],2,2.0
[122.38],0,0.0
[2949.23],2,2.0
[2091.55],2,2.0
[3626.84],3,3.0
[2228.04],2,2.0
[3374.91],3,3.0
[797.34],1,1.0
[3962.31],3,3.0
[2707.87],2,2.0
[3629.84],3,3.0
[3870.58],3,3.0
[1444.14],1,1.0
[2388.52],2,2.0
[1273.64],1,1.0
[3636.59],3,3.0
[3967.93],3,3.0
[2019.45],2,2.0
[1370.41],1,1.0
[3657.93],3,3.0
[2167.72],2,2.0
[2827.51],2,2.0
[1698.84],2,2.0
[1028.59],1,1.0
[3027.31],3,3.0
[2023.45],2,2.0
[997.19],1,1.0
[2632.84],2,2.0
[334.4],0,0.0
[3951.8],3,3.0
[2859.49],2,2.0
[2001.02],2,2.0
[1575.69],2,2.0
[1193.63],1,1.0
[2769.22],2,2.0
[1093.53],1,1.0
[1758.06],2,2.0
[1805.81],2,2.0
[2257.49],2,2.0
[2640.8],2,2.0
[3300.34],3,3.0
[3690.62],3,3.0
[3906.64],3,3.0
[644.45],1,1.0
[2408.29],2,2.0
[1784.41],2,2.0
[3539.11],3,3.0
[539.05],1,1.0
[3356.43],3,3.0
[1950.65],2,2.0
[3863.91],3,3.0
[2408.8],2,2.0
[3923.93],3,3.0
[1557.38],2,2.0
[7418.02],4,4.0
[3525.26],3,3.0
[3991.14],3,3.0
[2489.71],2,2.0
[1038.69],1,1.0
[3654.06],3,3.0
[3884.21],3,3.0
[1465.46],1,1.0
[6485.51],4,4.0
[2355.57],2,2.0
[2365.63],2,2.0
[2051.97],2,2.0
[3674.75],3,3.0
[7566.33],4,4.0
[3630.46],3,3.0
[2950.12],2,2.0
[3492.91],3,3.0
[2731.72],2,2.0
[1373.96],1,1.0
[3852.21],3,3.0
[3443.64],3,3.0
[1295.25],1,1.0
[3686.59],3,3.0
[6533.71],4,4.0
[3546.42],3,3.0
[654.67],1,1.0
[1778.03],2,2.0
[1789.58],2,2.0
[5340.37],4,4.0
[1595.78],2,2.0
[1262.04],1,1.0
[2521.69],2,2.0
[2964.29],2,2.0
[1597.3],2,2.0
[783.61],1,1.0
[2737.63],2,2.0
[1950.16],2,2.0
[3792.9],3,3.0
[3090.63],3,3.0
[979.09],1,1.0
[2259.7],2,2.0
[2080.3],2,2.0
[2398.88],2,2.0
[1559.19],2,2.0
[1915.22],2,2.0
[3741.93],3,3.0
[650.86],1,1.0
[3856.55],3,3.0
[568.26],1,1.0
[1979.03],2,2.0
[2059.37],2,2.0
[1111.02],1,1.0
[1382.06],1,1.0
[1309.15],1,1.0
[1282.62],1,1.0
[2953.58],2,2.0
[3734.84],3,3.0
[601.89],1,1.0
[2135.37],2,2.0
[2003.27],2,2.0
[2672.79],2,2.0
[1772.81],2,2.0
[5205.58],4,4.0
[3166.27],3,3.0
[2436.96],2,2.0
[2031.31],2,2.0
[2985.54],2,2.0
[3006.34],3,3.0
[2026.12],2,2.0
[2000.78],2,2.0
[1205.8],1,1.0
[1595.5],2,2.0
[1105.43],1,1.0
[3797.6],3,3.0
[3200.26],3,3.0
[3869.67],3,3.0
[2422.01],2,2.0
[2761.07],2,2.0
[5137.88],4,4.0
[2470.13],2,2.0
[1145.76],1,1.0
[2866.45],2,2.0
[3499.17],3,3.0
[2484.27],2,2.0
[3200.11],3,3.0
[845.98],1,1.0
[1006.21],1,1.0
[1874.78],2,2.0
[1236.52],1,1.0
[6853.05],4,4.0
[3701.14],3,3.0
[1797.23],2,2.0
[2284.02],2,2.0
[1405.53],1,1.0
[7489.04],4,4.0
[3323.05],3,3.0
[1091.3],1,1.0
[2519.9],2,2.0
[2985.69],2,2.0
[317.02],0,0.0
[1060.12],1,1.0
[833.02],1,1.0
[1735.8],2,2.0
[1625.23],2,2.0
[1424.92],1,1.0
[507.34],1,1.0
[2778.93],2,2.0
[19317.33],4,4.0
[5427.3],4,4.0
[2927.44],2,2.0
[3479.49],3,3.0
[2997.55],2,2.0
[3770.52],3,3.0
[1869.49],2,2.0
[1337.78],1,1.0
[1963.84],2,2.0
[2192.92],2,2.0
[3538.56],3,3.0
[669.96],1,1.0
[2291.33],2,2.0
[1741.14],2,2.0
[3958.19],3,3.0
[1852.7],2,2.0
[2341.54],2,2.0
[3285.11],3,3.0
[1116.69],1,1.0
[3547.89],3,3.0
[2265.13],2,2.0
[639.91],1,1.0
[706.9],1,1.0
[3227.87],3,3.0
[3436.43],3,3.0
[3559.92],3,3.0
[3420.05],3,3.0
[1492.97],1,1.0
[3588.32],3,3.0
[510.34],1,1.0
[2642.88],2,2.0
[2695.41],2,2.0
[2855.8],2,2.0
[3382.98],3,3.0
[14495.82],4,4.0
[6015.71],4,4.0
[1238.23],1,1.0
[3991.65],3,3.0
[1124.57],1,1.0
[627.9],1,1.0
[1789.37],2,2.0
[7711.31],4,4.0
[14361.78],4,4.0
[1107.6],1,1.0
[3774.37],3,3.0
[2489.11],2,2.0
[1706.44],2,2.0
[2697.56],2,2.0
[2949.95],2,2.0
[1387.72],1,1.0
[5910.6],4,4.0
[2400.05],2,2.0
[2862.24],2,2.0
[3151.23],3,3.0
[1249.13],1,1.0
[3815.78],3,3.0
[3514.62],3,3.0
[1524.05],2,2.0
[2676.05],2,2.0
[776.67],1,1.0
[1750.19],2,2.0
[2601.3],2,2.0
[1796.92],2,2.0
[3807.84],3,3.0
[2651.22],2,2.0
[2107.37],2,2.0
[506.93],1,1.0
[7093.93],4,4.0
[3320.41],3,3.0
[2048.31],2,2.0
[17644.19],4,4.0
[2779.33],2,2.0
[2694.67],2,2.0
[2555.56],2,2.0
[1118.0],1,1.0
[1189.23],1,1.0
[2404.55],2,2.0
[2690.83],2,2.0
[3277.5],3,3.0
[3288.01],3,3.0
[2483.79],2,2.0
[2359.5],2,2.0
[2108.33],2,2.0
[1079.15],1,1.0
[1705.51],2,2.0
[2596.52],2,2.0
[1337.42],1,1.0
[7081.19],4,4.0
[2872.78],2,2.0
[1178.06],1,1.0
[2128.74],2,2.0
[2444.88],2,2.0
[2535.82],2,2.0
[1495.28],1,1.0
[3031.48],3,3.0
[1725.54],2,2.0
[3133.86],3,3.0
[3624.58],3,3.0
[2179.93],2,2.0
[5158.97],4,4.0
[2080.42],2,2.0
[2825.3],2,2.0
[1757.54],2,2.0
[1595.72],2,2.0
[2257.08],2,2.0
[2284.12],2,2.0
[1995.47],2,2.0
[6575.28],4,4.0
[2704.34],2,2.0
[811.8],1,1.0
[882.55],1,1.0
[963.26],1,1.0
[1146.51],1,1.0
[2870.86],2,2.0
[3050.27],3,3.0
[2460.12],2,2.0
[3906.53],3,3.0
[3943.41],3,3.0
[2584.1],2,2.0
[2750.09],2,2.0
[880.16],1,1.0
[5966.09],4,4.0
[2032.95],2,2.0
[1528.78],2,2.0
[3462.59],3,3.0
[414.21],0,0.0
[2824.09],2,2.0
[2250.88],2,2.0
[4994.63],3,3.0
[2639.86],2,2.0
[2168.82],2,2.0
[3891.64],3,3.0
[1322.86],1,1.0
[1465.92],1,1.0
[4719.68],3,3.0
[3343.81],3,3.0
[1751.74],2,2.0
[2272.67],2,2.0
[1621.3],2,2.0
[3993.19],3,3.0
[1639.88],2,2.0
[2056.03],2,2.0
[2519.51],2,2.0
[628.1],1,1.0
[1916.08],2,2.0
[3489.19],3,3.0
[3438.48],3,3.0
[1836.56],2,2.0
[3327.33],3,3.0
[2846.81],2,2.0
[214.21],0,0.0
[1864.54],2,2.0
[2248.78],2,2.0
[2004.91],2,2.0
[3328.08],3,3.0
[1578.67],2,2.0
[1913.0],2,2.0
[1672.3],2,2.0
[2444.05],2,2.0
[2171.4],2,2.0
[1180.59],1,1.0
[3539.79],3,3.0
[2532.65],2,2.0
[2473.36],2,2.0
[3105.46],3,3.0
[3333.66],3,3.0
[2707.87],2,2.0
[2168.01],2,2.0
[2014.47],2,2.0
[3203.26],3,3.0
[3896.12],3,3.0
[1834.14],2,2.0
[1555.44],2,2.0
[1894.18],2,2.0
[1414.01],1,1.0
[1123.28],1,1.0
[1661.46],2,2.0
[1238.38],1,1.0
[2298.9],2,2.0
[1683.55],2,2.0
[3790.11],3,3.0
[1908.29],2,2.0
[3395.0],3,3.0
[2770.09],2,2.0
[2684.86],2,2.0
[977.82],1,1.0
[2706.9],2,2.0
[3022.32],3,3.0
[2310.63],2,2.0
[2620.78],2,2.0
[1094.47],1,1.0
[6739.35],4,4.0
[1719.58],2,2.0
[1600.45],2,2.0
[2194.26],2,2.0
[1445.64],1,1.0
[3151.11],3,3.0
[3820.97],3,3.0
[3448.8],3,3.0
[1125.66],1,1.0
[1596.49],2,2.0
[3649.01],3,3.0
[1677.18],2,2.0
[4544.54],3,3.0
[12885.3],4,4.0
[3351.53],3,3.0
[3029.14],3,3.0
[1697.1],2,2.0
[1572.95],2,2.0
[7610.24],4,4.0
[1025.82],1,1.0
[3081.75],3,3.0
[1070.67],1,1.0
[3766.98],3,3.0
[3893.37],3,3.0
[852.39],1,1.0
[3211.26],3,3.0
[3612.51],3,3.0
[6047.92],4,4.0
[2389.89],2,2.0
[6325.92],4,4.0
[3231.38],3,3.0
[2048.01],2,2.0
[395.42],0,0.0
[2498.14],2,2.0
[1704.45],2,2.0
[1381.94],1,1.0
[1945.21],2,2.0
[3281.96],3,3.0
[3753.19],3,3.0
[3658.52],3,3.0
[4848.12],3,3.0
[1101.77],1,1.0
[1038.91],1,1.0
[2755.06],2,2.0
[589.65],1,1.0
[3605.13],3,3.0
[4364.69],3,3.0
[2705.33],2,2.0
[3785.41],3,3.0
[1148.13],1,1.0
[1131.71],1,1.0
[2535.98],2,2.0
[7122.07],4,4.0
[1290.48],1,1.0
[3363.34],3,3.0
[3052.65],3,3.0
[3889.53],3,3.0
[2648.75],2,2.0
[2762.2],2,2.0
[3089.49],3,3.0
[2970.39],2,2.0
[3006.7],3,3.0
[2681.29],2,2.0
[2363.79],2,2.0
[3829.33],3,3.0
[1303.8],1,1.0
[1657.51],2,2.0
[1145.95],1,1.0
[2013.26],2,2.0
[2899.89],2,2.0
[2276.73],2,2.0
[2070.79],2,2.0
[1795.8],2,2.0
[3475.01],3,3.0
[1113.47],1,1.0
[2507.89],2,2.0
[2273.54],2,2.0
[1663.2],2,2.0
[3610.43],3,3.0
[1801.74],2,2.0
[1140.33],1,1.0
[376.33],0,0.0
[2354.28],2,2.0
[2605.5],2,2.0
[1677.57],2,2.0
[3986.35],3,3.0
[3706.41],3,3.0
[800.5],1,1.0
[1758.96],2,2.0
[1209.7],1,1.0
[290.68],0,0.0
[4197.47],3,3.0
[1485.72],1,1.0
[1048.34],1,1.0
[1672.68],2,2.0
[1898.89],2,2.0
[2815.31],2,2.0
[229.45],0,0.0
[522.88],1,1.0
[2410.2],2,2.0
[1218.38],1,1.0
[3711.98],3,3.0
[7487.56],4,4.0
[116.65],0,0.0
[2842.97],2,2.0
[51.62],0,0.0
[2370.48],2,2.0
[1510.18],2,2.0
[2013.0],2,2.0
[4639.35],3,3.0
[2162.01],2,2.0
[2345.38],2,2.0
[4956.33],3,3.0
[3391.7],3,3.0
[3044.26],3,3.0
[1425.91],1,1.0
[3329.27],3,3.0
[3983.95],3,3.0
[3251.15],3,3.0
[1587.68],2,2.0
[1579.08],2,2.0
[4424.88],3,3.0
[2800.26],2,2.0
[3320.29],3,3.0
[4515.62],3,3.0
[562.73],1,1.0
[1052.69],1,1.0
[1576.31],2,2.0
[3528.7],3,3.0
[2523.58],2,2.0
[1679.3],2,2.0
[3163.48],3,3.0
[4438.81],3,3.0
[2356.08],2,2.0
[1187.0],1,1.0
[952.62],1,1.0
[3447.74],3,3.0
[1106.14],1,1.0
[3053.27],3,3.0
[3587.55],3,3.0
[2251.34],2,2.0
[3516.84],3,3.0
[427.27],0,0.0
[1962.08],2,2.0
[2437.68],2,2.0
[3649.14],3,3.0
[1362.12],1,1.0
[1476.69],1,1.0
[7361.96],4,4.0
[3562.3],3,3.0
[2357.56],2,2.0
[6042.06],4,4.0
[1830.48],2,2.0
[3490.21],3,3.0
[3603.18],3,3.0
[1619.67],2,2.0
[10166.67],4,4.0
[3707.73],3,3.0
[1441.1],1,1.0
[803.7],1,1.0
[2536.74],2,2.0
[3725.26],3,3.0
[2700.93],2,2.0
[3910.17],3,3.0
[2489.1],2,2.0
[1933.51],2,2.0
[1393.69],1,1.0
[3327.31],3,3.0
[2468.62],2,2.0
[2478.17],2,2.0
[2470.35],2,2.0
[2158.58],2,2.0
[769.22],1,1.0
[2813.22],2,2.0
[1898.29],2,2.0
[1111.6],1,1.0
[3098.94],3,3.0
[3522.08],3,3.0
[3999.62],3,3.0
[154.34],0,0.0
[6939.43],4,4.0
[6434.48],4,4.0
[3112.37],3,3.0
[1886.73],2,2.0
[2929.35],2,2.0
[1974.64],2,2.0
[2241.6],2,2.0
[1329.48],1,1.0
[3023.76],3,3.0
[2299.42],2,2.0
[2783.45],2,2.0
[3788.92],3,3.0
[1888.12],2,2.0
[1865.24],2,2.0
[2816.25],2,2.0
[3198.13],3,3.0
[1323.54],1,1.0
[3610.61],3,3.0
[3279.55],3,3.0
[3551.05],3,3.0
[7117.32],4,4.0
[1119.93],1,1.0
[3393.65],3,3.0
[8074.91],4,4.0
[2373.69],2,2.0
[602.18],1,1.0
[3064.85],3,3.0
[3316.15],3,3.0
[1980.73],2,2.0
[3926.87],3,3.0
[1755.99],2,2.0
[11302.94],4,4.0
[2382.88],2,2.0
[1629.16],2,2.0
[4912.18],3,3.0
[1591.33],2,2.0
[2042.18],2,2.0
[1145.12],1,1.0
[2958.06],2,2.0
[2628.15],2,2.0
[2541.34],2,2.0
[3632.42],3,3.0
[2903.69],2,2.0
[3803.13],3,3.0
[3652.47],3,3.0
[3589.47],3,3.0
[3320.84],3,3.0
[18356.27],4,4.0
[2458.33],2,2.0
[4991.54],3,3.0
[3493.91],3,3.0
[2966.81],2,2.0
[1327.94],1,1.0
[4657.29],3,3.0
[1121.28],1,1.0
[1851.66],2,2.0
[3809.43],3,3.0
[3474.31],3,3.0
[11886.41],4,4.0
[3349.81],3,3.0
[3499.35],3,3.0
[2851.89],2,2.0
[3638.05],3,3.0
[3940.43],3,3.0
[2291.94],2,2.0
[1024.67],1,1.0
[2055.86],2,2.0
[1044.49],1,1.0
[3843.78],3,3.0
[3460.83],3,3.0
[2095.09],2,2.0
[2869.52],2,2.0
[1199.06],1,1.0
[3040.41],3,3.0
[2135.49],2,2.0
[3256.34],3,3.0
[3442.8],3,3.0
[3316.07],3,3.0
[1353.89],1,1.0
[2316.09],2,2.0
[2682.08],2,2.0
[1641.37],2,2.0
[3890.01],3,3.0
[2756.43],2,2.0
[3612.7],3,3.0
[3792.76],3,3.0
[3852.93],3,3.0
[1389.51],1,1.0
[2312.93],2,2.0
[1263.99],1,1.0
[1651.05],2,2.0
[5340.13],4,4.0
[2160.89],2,2.0
[412.93],0,0.0
[117.53],0,0.0
[849.28],1,1.0
[7875.14],4,4.0
[1795.87],2,2.0
[3790.98],3,3.0
[2888.07],2,2.0
[6692.36],4,4.0
[1632.8],2,2.0
[2917.34],2,2.0
[2061.65],2,2.0
[1011.2],1,1.0
[1205.29],1,1.0
[6314.74],4,4.0
[1399.38],1,1.0
[3343.26],3,3.0
[1684.83],2,2.0
[595.35],1,1.0
[3274.6],3,3.0
[1953.6],2,2.0
[951.09],1,1.0
[1096.27],1,1.0
[1190.93],1,1.0
[2646.03],2,2.0
[1297.2],1,1.0
[1147.77],1,1.0
[3629.19],3,3.0
[1168.78],1,1.0
[3012.38],3,3.0
[1748.87],2,2.0
[2890.49],2,2.0
[3408.33],3,3.0
[2914.68],2,2.0
[2994.23],2,2.0
[4099.43],3,3.0
[2672.29],2,2.0
[1833.3],2,2.0
[789.76],1,1.0
[3641.65],3,3.0
[3143.14],3,3.0
[3239.16],3,3.0
[1342.66],1,1.0
[3550.56],3,3.0
[3039.62],3,3.0
[1656.86],2,2.0
[1008.83],1,1.0
[3379.87],3,3.0
[1216.19],1,1.0
[2850.28],2,2.0
[19301.21],4,4.0
[2032.93],2,2.0
[4368.1],3,3.0
[2237.99],2,2.0
[2736.89],2,2.0
[17641.32],4,4.0
[2362.5],2,2.0
[2679.63],2,2.0
[2689.84],2,2.0
[1753.58],2,2.0
[501.65],1,1.0
[3259.69],3,3.0
[3415.17],3,3.0
[219.85],0,0.0
[1609.74],2,2.0
[1491.39],1,1.0
[3046.8],3,3.0
[2748.31],2,2.0
[1100.25],1,1.0
[1046.2],1,1.0
[3519.32],3,3.0
[3065.04],3,3.0
[2929.41],2,2.0
[2478.34],2,2.0
[2885.99],2,2.0
[3954.95],3,3.0
[2372.06],2,2.0
[3111.84],3,3.0
[1877.35],2,2.0
[1079.21],1,1.0
[1859.01],2,2.0
[1139.64],1,1.0
[2708.11],2,2.0
[1030.59],1,1.0
[2661.47],2,2.0
[2077.1],2,2.0
[3746.01],3,3.0
[1827.74],2,2.0
[1573.1],2,2.0
[2291.73],2,2.0
[6678.37],4,4.0
[1680.2],2,2.0
[3705.46],3,3.0
[2902.51],2,2.0
[1165.94],1,1.0
[2998.85],2,2.0
[3864.77],3,3.0
[3052.09],3,3.0
[3723.42],3,3.0
[1049.76],1,1.0
[1454.11],1,1.0
[726.58],1,1.0
[2967.25],2,2.0
[5326.37],4,4.0
[1677.06],2,2.0
[1319.41],1,1.0
[1010.31],1,1.0
[272.62],0,0.0
[2393.15],2,2.0
[3704.31],3,3.0
[1921.9],2,2.0
[14296.91],4,4.0
[1399.99],1,1.0
[3694.86],3,3.0
[3640.54],3,3.0
[3352.46],3,3.0
[3577.92],3,3.0
[515.06],1,1.0
[2634.36],2,2.0
[1126.92],1,1.0
[4491.59],3,3.0
[3657.34],3,3.0
[3768.84],3,3.0
[2437.63],2,2.0
[3457.84],3,3.0
[3646.59],3,3.0
[1026.98],1,1.0
[3517.05],3,3.0
[3000.97],3,3.0
[1880.11],2,2.0
[895.83],1,1.0
[3836.69],3,3.0
[2729.85],2,2.0
[2691.85],2,2.0
[1049.07],1,1.0
[18993.38],4,4.0
[1820.95],2,2.0
[1365.73],1,1.0
[1126.13],1,1.0
[1354.21],1,1.0
[2636.3],2,2.0
[2684.98],2,2.0
[1054.95],1,1.0
[1919.64],2,2.0
[1920.67],2,2.0
[1921.08],2,2.0
[3613.78],3,3.0
[1681.62],2,2.0
[608.89],1,1.0
[2523.54],2,2.0
[2616.9],2,2.0
[1242.04],1,1.0
[1328.83],1,1.0
[2129.83],2,2.0
[2508.23],2,2.0
[15020.49],4,4.0
[1490.42],1,1.0
[2244.52],2,2.0
[1818.13],2,2.0
[2675.97],2,2.0
[2073.72],2,2.0
[3187.81],3,3.0
[1430.92],1,1.0
[12154.38],4,4.0
[2953.82],2,2.0
[7841.47],4,4.0
[3774.37],3,3.0
[3379.7],3,3.0
[3672.1],3,3.0
[3694.52],3,3.0
[3168.5],3,3.0
[5338.29],4,4.0
[3727.64],3,3.0
[1333.52],1,1.0
[3693.27],3,3.0
[3768.53],3,3.0
[2907.9],2,2.0
[1115.89],1,1.0
[1503.57],2,2.0
[989.29],1,1.0
[3533.87],3,3.0
[3000.95],3,3.0
[709.69],1,1.0
[3303.4],3,3.0
[3291.55],3,3.0
[1719.72],2,2.0
[3855.75],3,3.0
[6763.92],4,4.0
[920.51],1,1.0
[1518.76],2,2.0
[5215.7],4,4.0
[2238.42],2,2.0
[1904.71],2,2.0
[635.05],1,1.0
[3287.61],3,3.0
[2980.05],2,2.0
[1435.49],1,1.0
[5156.08],4,4.0
[3894.61],3,3.0
[3009.48],3,3.0
[2678.59],2,2.0
[1774.67],2,2.0
[2570.58],2,2.0
[1443.03],1,1.0
[7456.9],4,4.0
[1657.96],2,2.0
[947.79],1,1.0
[489.45],0,0.0
[2093.28],2,2.0
[1127.33],1,1.0
[1217.32],1,1.0
[1055.57],1,1.0
[3213.61],3,3.0
[2535.38],2,2.0
[1988.66],2,2.0
[1412.95],1,1.0
[932.94],1,1.0
[7386.22],4,4.0
[1075.7],1,1.0
[3612.31],3,3.0
[1600.23],2,2.0
[2428.25],2,2.0
[3843.85],3,3.0
[31.75],0,0.0
[3167.87],3,3.0
[3195.19],3,3.0
[2448.96],2,2.0
[3226.21],3,3.0
[3084.81],3,3.0
[1956.48],2,2.0
[2921.04],2,2.0
[1283.48],1,1.0
[1380.42],1,1.0
[3434.38],3,3.0
[3200.59],3,3.0
[3106.06],3,3.0
[3401.01],3,3.0
[3657.55],3,3.0
[3935.21],3,3.0
[3562.71],3,3.0
[2962.41],2,2.0
[2338.63],2,2.0
[2539.97],2,2.0
[3720.19],3,3.0
[2715.15],2,2.0
[17854.78],4,4.0
[68.1],0,0.0
[1489.56],1,1.0
[3875.47],3,3.0
[747.66],1,1.0
[3060.2],3,3.0
[5545.14],4,4.0
[3305.86],3,3.0
[3987.07],3,3.0
[3238.91],3,3.0
[1169.52],1,1.0
[3832.66],3,3.0
[605.67],1,1.0
[2357.33],2,2.0
[275.43],0,0.0
[2391.49],2,2.0
[4487.68],3,3.0
[6388.51],4,4.0
[3073.26],3,3.0
[2233.25],2,2.0
[1456.88],1,1.0
[3670.78],3,3.0
[933.16],1,1.0
[3605.85],3,3.0
[3773.01],3,3.0
[5311.19],4,4.0
[3738.63],3,3.0
[3139.37],3,3.0
[3834.2],3,3.0
[3719.16],3,3.0
[3404.87],3,3.0
[3199.31],3,3.0
[2004.9],2,2.0
[2952.09],2,2.0
[1792.31],2,2.0
[2338.11],2,2.0
[672.1],1,1.0
[885.24],1,1.0
[3002.42],3,3.0
[3774.72],3,3.0
[1404.28],1,1.0
[1379.99],1,1.0
[2695.51],2,2.0
[1216.81],1,1.0
[7155.47],4,4.0
[1518.36],2,2.0
[3081.75],3,3.0
[3515.33],3,3.0
[2334.84],2,2.0
[3442.56],3,3.0
[2086.87],2,2.0
[2476.88],2,2.0
[6662.64],4,4.0
[1975.93],2,2.0
[1008.09],1,1.0
[2576.95],2,2.0
[3792.24],3,3.0
[1929.26],2,2.0
[3767.6],3,3.0
[2904.15],2,2.0
[1019.11],1,1.0
[1110.23],1,1.0
[618.06],1,1.0
[13161.5],4,4.0
[2995.78],2,2.0
[2980.51],2,2.0
[6270.27],4,4.0
[2017.04],2,2.0
[2135.93],2,2.0
[1478.29],1,1.0
[2863.45],2,2.0
[3728.05],3,3.0
[1696.29],2,2.0
[3843.47],3,3.0
[2125.54],2,2.0
[3957.69],3,3.0
[3984.94],3,3.0
[3736.96],3,3.0
[2439.74],2,2.0
[2658.02],2,2.0
[1834.19],2,2.0
[2699.31],2,2.0
[4178.73],3,3.0
[2313.56],2,2.0
[1639.26],2,2.0
[2338.21],2,2.0
[2976.34],2,2.0
[916.36],1,1.0
[7720.5],4,4.0
[3146.54],3,3.0
[2928.79],2,2.0
[5594.5],4,4.0
[1364.94],1,1.0
[1931.57],2,2.0
[1380.25],1,1.0
[2156.01],2,2.0
[6969.63],4,4.0
[1940.61],2,2.0
[3652.39],3,3.0
[2636.86],2,2.0
[3465.24],3,3.0
[1856.82],2,2.0
[519.43],1,1.0
[1316.89],1,1.0
[2856.74],2,2.0
[2024.17],2,2.0
[1682.77],2,2.0
[2943.59],2,2.0
[3694.02],3,3.0
[3636.03],3,3.0
[2040.93],2,2.0
[1598.62],2,2.0
[2031.75],2,2.0
[4466.29],3,3.0
[3194.77],3,3.0
[1095.62],1,1.0
[3400.76],3,3.0
[499.67],0,0.0
[1819.28],2,2.0
[3792.27],3,3.0
[524.67],1,1.0
[3295.35],3,3.0
[2926.16],2,2.0
[77.36],0,0.0
[2914.24],2,2.0
[2077.31],2,2.0
[2910.8],2,2.0
[2019.85],2,2.0
[1503.68],2,2.0
[3336.85],3,3.0
[2909.15],2,2.0
[2882.18],2,2.0
[2853.42],2,2.0
[3498.44],3,3.0
[1317.39],1,1.0
[3962.62],3,3.0
[2335.82],2,2.0
[1846.0],2,2.0
[2263.33],2,2.0
[3607.61],3,3.0
[1484.96],1,1.0
[3388.61],3,3.0
[2579.42],2,2.0
[502.87],1,1.0
[2824.35],2,2.0
[3842.55],3,3.0
[3371.32],3,3.0
[1969.6],2,2.0
[2939.82],2,2.0
[2660.25],2,2.0
[691.8],1,1.0
[2651.45],2,2.0
[3838.5],3,3.0
[2972.25],2,2.0
[3097.63],3,3.0
[3714.84],3,3.0
[3001.2],3,3.0
[1145.24],1,1.0
[2728.85],2,2.0
[3258.37],3,3.0
[2833.92],2,2.0
[967.38],1,1.0
[2676.07],2,2.0
[3955.8],3,3.0
[3315.48],3,3.0
[796.2],1,1.0
[3262.35],3,3.0
[4846.92],3,3.0
[1652.09],2,2.0
[6175.92],4,4.0
[4748.19],3,3.0
[2195.15],2,2.0
[1148.4],1,1.0
[2388.87],2,2.0
[2256.85],2,2.0
[1197.79],1,1.0
[3649.42],3,3.0
[1306.24],1,1.0
[2149.86],2,2.0
[3009.02],3,3.0
[1753.06],2,2.0
[2965.3],2,2.0
[3137.79],3,3.0
[3720.34],3,3.0
[2247.27],2,2.0
[22.31],0,0.0
[3402.02],3,3.0
[2212.01],2,2.0
[2072.8],2,2.0
[1800.47],2,2.0
[909.43],1,1.0
[2941.34],2,2.0
[847.65],1,1.0
[2794.5],2,2.0
[2386.74],2,2.0
[1246.44],1,1.0
[3809.77],3,3.0
[3535.29],3,3.0
[1752.02],2,2.0
[2618.08],2,2.0
[2020.09],2,2.0
[6268.82],4,4.0
[3578.29],3,3.0
[905.45],1,1.0
[2641.0],2,2.0
[3029.9],3,3.0
[3421.11],3,3.0
[1163.15],1,1.0
[1584.83],2,2.0
[2183.99],2,2.0
[1434.64],1,1.0
[2260.37],2,2.0
[3193.03],3,3.0
[1097.03],1,1.0
[1870.43],2,2.0
[3444.09],3,3.0
[2560.54],2,2.0
[1363.91],1,1.0
[3311.01],3,3.0
[3377.76],3,3.0
[6857.93],4,4.0
[3978.62],3,3.0
[1915.39],2,2.0
[1860.2],2,2.0
[3055.47],3,3.0
[1956.42],2,2.0
[3109.21],3,3.0
[1162.94],1,1.0
[3073.03],3,3.0
[1254.42],1,1.0
[1415.88],1,1.0
[2159.86],2,2.0
[2390.85],2,2.0
[1021.8],1,1.0
[1800.43],2,2.0
[3661.82],3,3.0
[3697.17],3,3.0
[1693.99],2,2.0
[3079.87],3,3.0
[1542.69],2,2.0
[3546.41],3,3.0
[2057.8],2,2.0
[2300.24],2,2.0
[3180.08],3,3.0
[2669.48],2,2.0
[3557.57],3,3.0
[2487.39],2,2.0
[1731.94],2,2.0
[5209.82],4,4.0
[1108.14],1,1.0
[1799.13],2,2.0
[3608.11],3,3.0
[3525.3],3,3.0
[2656.79],2,2.0
[5765.0],4,4.0
[3126.16],3,3.0
[1430.11],1,1.0
[1366.13],1,1.0
[3865.79],3,3.0
[3065.61],3,3.0
[839.47],1,1.0
[3895.04],3,3.0
[3407.4],3,3.0
[1397.62],1,1.0
[1475.7],1,1.0
[1046.54],1,1.0
[478.45],0,0.0
[2670.96],2,2.0
[546.0],1,1.0
[377.21],0,0.0
[2327.09],2,2.0
[2838.0],2,2.0
[3669.15],3,3.0
[1628.18],2,2.0
[2120.78],2,2.0
[2939.37],2,2.0
[1812.92],2,2.0
[1620.9],2,2.0
[2719.15],2,2.0
[2377.76],2,2.0
[4007.99],3,3.0
[3264.62],3,3.0
[11286.64],4,4.0
[3769.21],3,3.0
[3052.62],3,3.0
[2374.14],2,2.0
[2303.03],2,2.0
[635.01],1,1.0
[3309.45],3,3.0
[2571.65],2,2.0
[3076.52],3,3.0
[1272.89],1,1.0
[1078.47],1,1.0
[9647.5],4,4.0
[1923.36],2,2.0
[2679.27],2,2.0
[3182.95],3,3.0
[799.66],1,1.0
[2807.06],2,2.0
[3309.15],3,3.0
[2150.51],2,2.0
[2747.73],2,2.0
[1411.49],1,1.0
[1180.34],1,1.0
[7763.46],4,4.0
[5649.89],4,4.0
[2132.74],2,2.0
[2646.42],2,2.0
[2305.5],2,2.0
[1316.33],1,1.0
[2497.57],2,2.0
[3549.73],3,3.0
[2289.27],2,2.0
[3542.15],3,3.0
[3797.6],3,3.0
[3364.25],3,3.0
[3368.23],3,3.0
[2331.39],2,2.0
[3940.71],3,3.0
[1062.99],1,1.0
[5150.46],4,4.0
[3862.47],3,3.0
[3349.07],3,3.0
[172.86],0,0.0
[3942.64],3,3.0
[979.6],1,1.0
[486.17],0,0.0
[3960.51],3,3.0
[2972.31],2,2.0
[3592.85],3,3.0
[2328.3],2,2.0
[3392.71],3,3.0
[2716.07],2,2.0
[2721.23],2,2.0
[2765.16],2,2.0
[7942.35],4,4.0
[1664.99],2,2.0
[1572.22],2,2.0
[2434.76],2,2.0
[3523.42],3,3.0
[3034.12],3,3.0
[1353.06],1,1.0
[2594.0],2,2.0
[2010.98],2,2.0
[2161.53],2,2.0
[1043.92],1,1.0
[17619.62],4,4.0
[3683.31],3,3.0
[1042.84],1,1.0
[4358.29],3,3.0
[4908.55],3,3.0
[1826.41],2,2.0
[816.95],1,1.0
[2285.3],2,2.0
[2177.06],2,2.0
[1487.11],1,1.0
[3393.08],3,3.0
[6263.8],4,4.0
[1702.6],2,2.0
[12980.65],4,4.0
[892.7],1,1.0
[2927.37],2,2.0
[2726.96],2,2.0
[1489.9],1,1.0
[3270.76],3,3.0
[3748.89],3,3.0
[2311.95],2,2.0
[3815.86],3,3.0
[2442.12],2,2.0
[3873.96],3,3.0
[1622.69],2,2.0
[1462.74],1,1.0
[1494.68],1,1.0
[1144.05],1,1.0
[2729.39],2,2.0
[1246.33],1,1.0
[3493.9],3,3.0
[3917.21],3,3.0
[7048.02],4,4.0
[1210.28],1,1.0
[3002.83],3,3.0
[2635.6],2,2.0
[3687.52],3,3.0
[1741.4],2,2.0
[1966.42],2,2.0
[676.24],1,1.0
[3495.29],3,3.0
[1643.39],2,2.0
[4503.0],3,3.0
[3805.54],3,3.0
[2016.25],2,2.0
[3440.51],3,3.0
[2842.17],2,2.0
[1703.44],2,2.0
[3312.21],3,3.0
[2664.7],2,2.0
[2609.09],2,2.0
[2360.3],2,2.0
[1482.42],1,1.0
[1945.73],2,2.0
[1882.36],2,2.0
[1310.98],1,1.0
[2408.04],2,2.0
[2074.15],2,2.0
[1687.37],2,2.0
[1969.49],2,2.0
[1265.35],1,1.0
[1357.33],1,1.0
[2005.92],2,2.0
[1477.2],1,1.0
[1154.55],1,1.0
[2523.29],2,2.0
[2131.93],2,2.0
[1590.56],2,2.0
[3548.6],3,3.0
[1390.56],1,1.0
[2443.77],2,2.0
[3507.42],3,3.0
[3518.86],3,3.0
[5179.46],4,4.0
[1196.82],1,1.0
[2172.37],2,2.0
[7195.45],4,4.0
[1130.71],1,1.0
[1716.39],2,2.0
[572.61],1,1.0
[3923.87],3,3.0
[3714.75],3,3.0
[2712.61],2,2.0
[3255.91],3,3.0
[3140.78],3,3.0
[1250.24],1,1.0
[1050.53],1,1.0
[1963.93],2,2.0
[2786.8],2,2.0
[1079.59],1,1.0
[3882.48],3,3.0
[1600.86],2,2.0
[1656.11],2,2.0
[2547.48],2,2.0
[1365.49],1,1.0
[2626.13],2,2.0
[1305.98],1,1.0
[3513.01],3,3.0
[5491.77],4,4.0
[2373.66],2,2.0
[2186.8],2,2.0
[3160.03],3,3.0
[2363.39],2,2.0
[3318.95],3,3.0
[1378.94],1,1.0
[6071.34],4,4.0
[1687.34],2,2.0
[3853.27],3,3.0
[2809.18],2,2.0
[515.96],1,1.0
[3317.12],3,3.0
[2749.62],2,2.0
[2941.58],2,2.0
[1318.16],1,1.0
[7782.23],4,4.0
[1562.94],2,2.0
[3376.9],3,3.0
[1201.25],1,1.0
[2708.7],2,2.0
[1282.2],1,1.0
[1256.65],1,1.0
[2499.61],2,2.0
[3358.18],3,3.0
[1878.99],2,2.0
[1730.34],2,2.0
[2688.07],2,2.0
[2856.21],2,2.0
[443.52],0,0.0
[2435.91],2,2.0
[737.06],1,1.0
[3922.1],3,3.0
[3125.79],3,3.0
[187.31],0,0.0
[2746.67],2,2.0
[2431.8],2,2.0
[661.75],1,1.0
[3914.63],3,3.0
[2423.41],2,2.0
[2401.86],2,2.0
[1864.51],2,2.0
[2207.57],2,2.0
[1125.7],1,1.0
[4652.78],3,3.0
[3911.31],3,3.0
[3513.16],3,3.0
[1611.88],2,2.0
[629.31],1,1.0
[3663.01],3,3.0
[2721.21],2,2.0
[3046.92],3,3.0
[3353.67],3,3.0
[924.85],1,1.0
[3033.2],3,3.0
[608.88],1,1.0
[2766.82],2,2.0
[2845.42],2,2.0
[7780.36],4,4.0
[1870.18],2,2.0
[3005.06],3,3.0
[2720.5],2,2.0
[2156.33],2,2.0
[1002.58],1,1.0
[2490.41],2,2.0
[3118.56],3,3.0
[2324.71],2,2.0
[2726.93],2,2.0
[1854.25],2,2.0
[3532.6],3,3.0
[2320.37],2,2.0
[3987.06],3,3.0
[2347.82],2,2.0
[3988.22],3,3.0
[5684.2],4,4.0
[2031.87],2,2.0
[2155.63],2,2.0
[3565.27],3,3.0
[1441.64],1,1.0
[2103.73],2,2.0
[2402.01],2,2.0
[3927.83],3,3.0
[1879.72],2,2.0
[3528.06],3,3.0
[818.47],1,1.0
[2862.52],2,2.0
[1551.13],2,2.0
[1978.25],2,2.0
[1755.7],2,2.0
[3008.64],3,3.0
[3226.55],3,3.0
[2846.37],2,2.0
[3251.08],3,3.0
[902.86],1,1.0
[3041.87],3,3.0
[3181.86],3,3.0
[1135.13],1,1.0
[1142.64],1,1.0
[2916.62],2,2.0
[1348.09],1,1.0
[1258.57],1,1.0
[3395.36],3,3.0
[3658.72],3,3.0
[7037.0],4,4.0
[1418.57],1,1.0
[3418.68],3,3.0
[2783.07],2,2.0
[1493.03],1,1.0
[2206.37],2,2.0
[3008.42],3,3.0
[851.0],1,1.0
[1882.27],2,2.0
[6618.57],4,4.0
[2754.87],2,2.0
[3462.13],3,3.0
[2809.97],2,2.0
[3127.28],3,3.0
[624.94],1,1.0
[2831.46],2,2.0
[2382.4],2,2.0
[1482.8],1,1.0
[3849.04],3,3.0
[3712.64],3,3.0
[1394.69],1,1.0
[2673.85],2,2.0
[1687.0],2,2.0
[2237.01],2,2.0
[3227.65],3,3.0
[1670.97],2,2.0
[1228.73],1,1.0
[288.18],0,0.0
[1841.8],2,2.0
[743.88],1,1.0
[1399.88],1,1.0
[82.85],0,0.0
[2284.74],2,2.0
[722.55],1,1.0
[1920.61],2,2.0
[2390.8],2,2.0
[741.67],1,1.0
[2285.81],2,2.0
[3501.07],3,3.0
[2576.09],2,2.0
[2575.41],2,2.0
[2326.47],2,2.0
[2965.42],2,2.0
[2794.72],2,2.0
[2226.13],2,2.0
[1692.59],2,2.0
[2965.92],2,2.0
[1573.92],2,2.0
[1996.31],2,2.0
[1640.12],2,2.0
[3478.72],3,3.0
[2373.03],2,2.0
[2343.94],2,2.0
[2669.91],2,2.0
[204.15],0,0.0
[771.71],1,1.0
[2463.75],2,2.0
[2458.77],2,2.0
[1330.34],1,1.0
[2980.44],2,2.0
[1719.82],2,2.0
[3709.95],3,3.0
[5268.41],4,4.0
[2672.82],2,2.0
[1147.99],1,1.0
[1848.14],2,2.0
[3957.47],3,3.0
[731.21],1,1.0
[2782.68],2,2.0
[3269.65],3,3.0
[3798.82],3,3.0
[3132.25],3,3.0
[1458.34],1,1.0
[1750.11],2,2.0
[2762.3],2,2.0
[2820.03],2,2.0
[2559.75],2,2.0
[2302.47],2,2.0
[2238.22],2,2.0
[3324.97],3,3.0
[1105.28],1,1.0
[6130.28],4,4.0
[3880.4],3,3.0
[1782.68],2,2.0
[3693.33],3,3.0
[1663.29],2,2.0
[1249.33],1,1.0
[3270.14],3,3.0
[2679.03],2,2.0
[3548.91],3,3.0
[2432.65],2,2.0
[1902.17],2,2.0
[2231.07],2,2.0
[2926.21],2,2.0
[1396.1],1,1.0
[2808.55],2,2.0
[1603.97],2,2.0
[1753.06],2,2.0
[1184.52],1,1.0
[1433.54],1,1.0
[1874.02],2,2.0
[2419.2],2,2.0
[2518.11],2,2.0
[3771.49],3,3.0
[787.08],1,1.0
[1161.06],1,1.0
[3509.97],3,3.0
[736.6],1,1.0
[1823.38],2,2.0
[1854.87],2,2.0
[1244.49],1,1.0
[2015.0],2,2.0
[3958.07],3,3.0
[3354.04],3,3.0
[4626.59],3,3.0
[922.74],1,1.0
[3877.23],3,3.0
[3538.71],3,3.0
[2577.62],2,2.0
[3112.38],3,3.0
[3819.62],3,3.0
[2935.92],2,2.0
[1041.19],1,1.0
[3965.77],3,3.0
[1286.81],1,1.0
[1180.91],1,1.0
[2725.98],2,2.0
[2479.43],2,2.0
[3255.97],3,3.0
[3548.81],3,3.0
[2413.81],2,2.0
[1372.44],1,1.0
[1957.88],2,2.0
[2377.13],2,2.0
[2167.84],2,2.0
[2405.93],2,2.0
[3725.02],3,3.0
[1927.35],2,2.0
[3163.64],3,3.0
[3442.84],3,3.0
[3204.18],3,3.0
[2242.81],2,2.0
[3802.89],3,3.0
[1858.03],2,2.0
[2860.52],2,2.0
[3284.37],3,3.0
[1161.86],1,1.0
[1474.61],1,1.0
[2419.03],2,2.0
[3742.11],3,3.0
[3121.83],3,3.0
[3457.48],3,3.0
[327.71],0,0.0
[1454.97],1,1.0
[3184.1],3,3.0
[2966.23],2,2.0
[1169.5],1,1.0
[7433.81],4,4.0
[3298.27],3,3.0
[4681.88],3,3.0
[1575.25],2,2.0
[3970.59],3,3.0
[3321.44],3,3.0
[1484.94],1,1.0
[991.13],1,1.0
[2861.54],2,2.0
[2107.11],2,2.0
[5409.97],4,4.0
[1826.99],2,2.0
[3396.67],3,3.0
[3457.53],3,3.0
[1960.72],2,2.0
[2281.44],2,2.0
[2164.7],2,2.0
[2178.28],2,2.0
[7792.26],4,4.0
[1766.82],2,2.0
[3109.02],3,3.0
[2251.04],2,2.0
[2652.96],2,2.0
[3080.33],3,3.0
[2922.39],2,2.0
[1395.15],1,1.0
[2156.57],2,2.0
[3002.23],3,3.0
[2118.73],2,2.0
[4177.36],3,3.0
[3721.64],3,3.0
[894.53],1,1.0
[1648.0],2,2.0
[669.36],1,1.0
[3514.81],3,3.0
[1012.2],1,1.0
[3839.52],3,3.0
[1399.91],1,1.0
[7533.44],4,4.0
[1409.67],1,1.0
[2660.33],2,2.0
[2014.85],2,2.0
[4777.4],3,3.0
[3883.03],3,3.0
[1125.04],1,1.0
[1572.83],2,2.0
[1746.16],2,2.0
[5965.57],4,4.0
[16159.57],4,4.0
[6784.43],4,4.0
[1088.93],1,1.0
[3157.9],3,3.0
[3356.87],3,3.0
[3630.25],3,3.0
[2335.67],2,2.0
[1547.68],2,2.0
[2965.02],2,2.0
[1740.34],2,2.0
[1452.76],1,1.0
[6506.1],4,4.0
[3505.56],3,3.0
[3933.72],3,3.0
[3213.98],3,3.0
[3083.5],3,3.0
[3921.02],3,3.0
[1370.14],1,1.0
[2261.78],2,2.0
[1656.95],2,2.0
[3451.08],3,3.0
[2438.54],2,2.0
[7720.72],4,4.0
[824.22],1,1.0
[2249.18],2,2.0
[3124.62],3,3.0
[1680.52],2,2.0
[1641.47],2,2.0
[1414.29],1,1.0
[2085.45],2,2.0
[3103.04],3,3.0
[1633.53],2,2.0
[1815.2],2,2.0
[3691.71],3,3.0
[2469.32],2,2.0
[1247.79],1,1.0
[2960.24],2,2.0
[2029.74],2,2.0
[3873.23],3,3.0
[2509.14],2,2.0
[5397.8],4,4.0
[2708.94],2,2.0
[411.26],0,0.0
[3224.77],3,3.0
[324.79],0,0.0
[1561.83],2,2.0
[2991.58],2,2.0
[3061.27],3,3.0
[2704.03],2,2.0
[5485.33],4,4.0
[3150.0],3,3.0
[1468.51],1,1.0
[2881.18],2,2.0
[9161.7],4,4.0
[3092.04],3,3.0
[3353.47],3,3.0
[3180.13],3,3.0
[3967.73],3,3.0
[1705.18],2,2.0
[5680.73],4,4.0
[3883.64],3,3.0
[2274.32],2,2.0
[1367.3],1,1.0
[1756.12],2,2.0
[2000.18],2,2.0
[3870.1],3,3.0
[3237.87],3,3.0
[2525.01],2,2.0
[6114.46],4,4.0
[859.64],1,1.0
[4335.66],3,3.0
[1606.82],2,2.0
[704.47],1,1.0
[586.79],1,1.0
[1838.34],2,2.0
[2336.8],2,2.0
[2069.03],2,2.0
[2848.83],2,2.0
[55.66],0,0.0
[3648.75],3,3.0
[1405.36],1,1.0
[3848.79],3,3.0
[469.77],0,0.0
[1996.05],2,2.0
[7980.67],4,4.0
[2402.75],2,2.0
[1333.68],1,1.0
[3913.67],3,3.0
[2098.73],2,2.0
[3467.15],3,3.0
[935.72],1,1.0
[1532.81],2,2.0
[3617.43],3,3.0
[1014.83],1,1.0
[2992.72],2,2.0
[2048.77],2,2.0
[6245.71],4,4.0
[3460.65],3,3.0
[218.12],0,0.0
[3091.79],3,3.0
[1853.29],2,2.0
[11404.43],4,4.0
[674.3],1,1.0
[1020.16],1,1.0
[100.35],0,0.0
[2056.49],2,2.0
[2624.24],2,2.0
[579.77],1,1.0
[3630.67],3,3.0
[3639.12],3,3.0
[3487.6],3,3.0
[1660.78],2,2.0
[2080.62],2,2.0
[2304.45],2,2.0
[2782.02],2,2.0
[2744.73],2,2.0
[2475.65],2,2.0
[963.01],1,1.0
[1533.06],2,2.0
[3884.13],3,3.0
[3994.83],3,3.0
[3651.36],3,3.0
[3054.01],3,3.0
[2844.17],2,2.0
[1887.57],2,2.0
[19905.81],4,4.0
[1289.97],1,1.0
[674.16],1,1.0
[3918.65],3,3.0
[2878.33],2,2.0
[2794.85],2,2.0
[5546.56],4,4.0
[3480.01],3,3.0
[2680.07],2,2.0
[3084.43],3,3.0
[3758.68],3,3.0
[3369.07],3,3.0
[796.27],1,1.0
[3711.66],3,3.0
[4313.39],3,3.0
[2574.45],2,2.0
[2463.8],2,2.0
[3408.88],3,3.0
[1573.96],2,2.0
[1952.77],2,2.0
[2551.95],2,2.0
[3738.99],3,3.0
[1478.73],1,1.0
[1885.37],2,2.0
[1553.52],2,2.0
[606.87],1,1.0
[3920.39],3,3.0
[1650.63],2,2.0
[1752.78],2,2.0
[3884.53],3,3.0
[3528.95],3,3.0
[3611.85],3,3.0
[7539.85],4,4.0
[2316.57],2,2.0
[3258.39],3,3.0
[1922.37],2,2.0
[2251.04],2,2.0
[3428.74],3,3.0
[733.2],1,1.0
[2676.87],2,2.0
[1115.95],1,1.0
[817.59],1,1.0
[3789.12],3,3.0
[2468.68],2,2.0
[3397.58],3,3.0
[2135.57],2,2.0
[5241.08],4,4.0
[3327.08],3,3.0
[2486.22],2,2.0
[685.57],1,1.0
[7377.31],4,4.0
[2115.27],2,2.0
[2128.74],2,2.0
[1767.77],2,2.0
[2635.47],2,2.0
[1807.33],2,2.0
[2450.04],2,2.0
[2994.26],2,2.0
[1703.79],2,2.0
[1580.96],2,2.0
[2913.45],2,2.0
[2035.03],2,2.0
[685.74],1,1.0
[3646.91],3,3.0
[754.23],1,1.0
[3485.93],3,3.0
[2261.83],2,2.0
[3249.37],3,3.0
[491.89],0,0.0
[3695.52],3,3.0
[1782.32],2,2.0
[3065.78],3,3.0
[4493.27],3,3.0
[2966.3],2,2.0
[2884.47],2,2.0
[3716.08],3,3.0
[1533.94],2,2.0
[2287.2],2,2.0
[3214.7],3,3.0
[2681.71],2,2.0
[647.73],1,1.0
[7282.16],4,4.0
[973.37],1,1.0
[3382.13],3,3.0
[1812.24],2,2.0
[1337.14],1,1.0
[1895.79],2,2.0
[1407.48],1,1.0
[2933.06],2,2.0
[2871.52],2,2.0
[13718.65],4,4.0
[3341.81],3,3.0
[2434.9],2,2.0
[3164.95],3,3.0
[2386.96],2,2.0
[5003.77],4,4.0
[2004.54],2,2.0
[3125.04],3,3.0
[1377.84],1,1.0
[1258.1],1,1.0
[2458.66],2,2.0
[2178.9],2,2.0
[1139.89],1,1.0
[2971.93],2,2.0
[2288.33],2,2.0
[1990.26],2,2.0
[2006.49],2,2.0
[2266.42],2,2.0
[645.2],1,1.0
[4830.94],3,3.0
[1672.7],2,2.0
[1384.22],1,1.0
[1223.04],1,1.0
[2744.65],2,2.0
[3410.53],3,3.0
[1490.29],1,1.0
[1168.53],1,1.0
[1444.5],1,1.0
[1185.2],1,1.0
[1979.41],2,2.0
[2581.9],2,2.0
[6903.94],4,4.0
[675.3],1,1.0
[1390.08],1,1.0
[2859.54],2,2.0
[2509.65],2,2.0
[3193.18],3,3.0
[6521.36],4,4.0
[861.14],1,1.0
[2457.71],2,2.0
[1717.46],2,2.0
[3258.95],3,3.0
[3586.32],3,3.0
[601.95],1,1.0
[2174.77],2,2.0
[1351.58],1,1.0
[1764.18],2,2.0
[2043.17],2,2.0
[690.69],1,1.0
[1305.87],1,1.0
[3356.66],3,3.0
[2905.79],2,2.0
[1389.93],1,1.0
[2921.54],2,2.0
[2751.6],2,2.0
[867.1],1,1.0
[3604.31],3,3.0
[157.78],0,0.0
[3450.53],3,3.0
[3653.77],3,3.0
[2882.44],2,2.0
[1354.75],1,1.0
[2185.27],2,2.0
[510.64],1,1.0
[3900.45],3,3.0
[1088.34],1,1.0
[3742.19],3,3.0
[2497.81],2,2.0
[1359.48],1,1.0
[578.55],1,1.0
[7689.13],4,4.0
[2401.81],2,2.0
[3249.76],3,3.0
[2229.71],2,2.0
[1702.64],2,2.0
[2419.71],2,2.0
[3361.0],3,3.0
[2803.02],2,2.0
[2611.48],2,2.0
[1199.59],1,1.0
[3376.24],3,3.0
[1543.18],2,2.0
[728.78],1,1.0
[2339.95],2,2.0
[3069.18],3,3.0
[2676.24],2,2.0
[2687.1],2,2.0
[8240.57],4,4.0
[3108.3],3,3.0
[1252.68],1,1.0
[1757.37],2,2.0
[2137.16],2,2.0
[617.93],1,1.0
[1691.27],2,2.0
[1828.12],2,2.0
[3694.23],3,3.0
[6981.21],4,4.0
[1785.45],2,2.0
[2515.51],2,2.0
[3374.13],3,3.0
[2695.99],2,2.0
[7227.95],4,4.0
[289.11],0,0.0
[2910.63],2,2.0
[2106.59],2,2.0
[1250.93],1,1.0
[3131.77],3,3.0
[2183.75],2,2.0
[2794.69],2,2.0
[3434.2],3,3.0
[1000.15],1,1.0
[3162.99],3,3.0
[1152.02],1,1.0
[1839.35],2,2.0
[3393.59],3,3.0
[3592.86],3,3.0
[2349.94],2,2.0
[7823.03],4,4.0
[841.98],1,1.0
[3910.98],3,3.0
[1695.54],2,2.0
[6882.63],4,4.0
[1555.89],2,2.0
[1857.8],2,2.0
[1907.28],2,2.0
[3940.54],3,3.0
[860.72],1,1.0
[409.01],0,0.0
[1785.89],2,2.0
[1563.7],2,2.0
[2212.99],2,2.0
[1840.99],2,2.0
[2167.53],2,2.0
[2759.75],2,2.0
[7026.16],4,4.0
[9021.95],4,4.0
[2152.88],2,2.0
[4109.53],3,3.0
[77.08],0,0.0
[2196.53],2,2.0
[5211.25],4,4.0
[1573.6],2,2.0
[2769.31],2,2.0
[751.13],1,1.0
[3928.58],3,3.0
[2187.11],2,2.0
[3175.77],3,3.0
[880.63],1,1.0
[2069.97],2,2.0
[2737.19],2,2.0
[3069.09],3,3.0
[2529.38],2,2.0
[2678.97],2,2.0
[3274.41],3,3.0
[1702.68],2,2.0
[1680.0],2,2.0
[3639.31],3,3.0
[1977.03],2,2.0
[1954.4],2,2.0
[3411.35],3,3.0
[1271.46],1,1.0
[1903.16],2,2.0
[1577.5],2,2.0
[3277.02],3,3.0
[2720.08],2,2.0
[3471.09],3,3.0
[2389.83],2,2.0
[1838.3],2,2.0
[2229.91],2,2.0
[3953.73],3,3.0
[5088.03],4,4.0
[2221.25],2,2.0
[2122.08],2,2.0
[836.08],1,1.0
[1017.97],1,1.0
[1988.14],2,2.0
[3610.81],3,3.0
[3619.27],3,3.0
[3850.14],3,3.0
[7129.29],4,4.0
[7391.21],4,4.0
[3535.62],3,3.0
[2699.5],2,2.0
[1330.66],1,1.0
[13981.82],4,4.0
[2765.93],2,2.0
[521.63],1,1.0
[3325.23],3,3.0
[1454.09],1,1.0
[739.82],1,1.0
[4037.99],3,3.0
[2530.44],2,2.0
[3266.62],3,3.0
[1016.66],1,1.0
[1551.6],2,2.0
[2635.6],2,2.0
[963.05],1,1.0
[3472.83],3,3.0
[2833.51],2,2.0
[1563.99],2,2.0
[563.14],1,1.0
[3179.96],3,3.0
[2624.03],2,2.0
[1085.21],1,1.0
[3182.79],3,3.0
[1315.11],1,1.0
[2153.6],2,2.0
[2414.5],2,2.0
[3736.51],3,3.0
[1675.1],2,2.0
[1770.12],2,2.0
[502.96],1,1.0
[7661.62],4,4.0
[4552.79],3,3.0
[2545.0],2,2.0
[1516.71],2,2.0
[1583.92],2,2.0
[1201.0],1,1.0
[1327.59],1,1.0
[1876.56],2,2.0
[1659.95],2,2.0
[1979.58],2,2.0
[3712.82],3,3.0
[2946.56],2,2.0
[1128.06],1,1.0
[1299.22],1,1.0
[2913.2],2,2.0
[1245.57],1,1.0
[1191.28],1,1.0
[1398.51],1,1.0
[1323.4],1,1.0
[2357.06],2,2.0
[3204.28],3,3.0
[2258.7],2,2.0
[2029.3],2,2.0
[1468.23],1,1.0
[2760.69],2,2.0
[3710.75],3,3.0
[3679.67],3,3.0
[3017.24],3,3.0
[2426.41],2,2.0
[3483.12],3,3.0
[3243.0],3,3.0
[1268.26],1,1.0
[2000.93],2,2.0
[5974.29],4,4.0
[3926.67],3,3.0
[867.7],1,1.0
[1916.0],2,2.0
[2349.25],2,2.0
[2168.85],2,2.0
[3698.45],3,3.0
[3181.37],3,3.0
[1578.16],2,2.0
[1553.55],2,2.0
[547.47],1,1.0
[3358.12],3,3.0
[1025.4],1,1.0
[53.97],0,0.0
[2376.28],2,2.0
[3652.15],3,3.0
[3369.04],3,3.0
[3536.58],3,3.0
[3852.27],3,3.0
[1396.23],1,1.0
[3718.02],3,3.0
[3716.96],3,3.0
[2419.1],2,2.0
[3078.74],3,3.0
[3307.72],3,3.0
[2234.39],2,2.0
[2463.31],2,2.0
[2794.49],2,2.0
[3199.76],3,3.0
[5786.74],4,4.0
[1346.2],1,1.0
[1860.05],2,2.0
[3374.34],3,3.0
[1857.18],2,2.0
[1324.66],1,1.0
[2044.09],2,2.0
[2483.04],2,2.0
[3492.74],3,3.0
[1368.35],1,1.0
[3266.44],3,3.0
[8976.2],4,4.0
[2121.48],2,2.0
[129.6],0,0.0
[681.03],1,1.0
[3791.19],3,3.0
[12.78],0,0.0
[3890.59],3,3.0
[3882.42],3,3.0
[1803.68],2,2.0
[501.65],1,1.0
[1315.9],1,1.0
[2915.35],2,2.0
[18581.04],4,4.0
[3470.37],3,3.0
[4817.57],3,3.0
[3262.38],3,3.0
[3428.78],3,3.0
[3730.98],3,3.0
[2279.36],2,2.0
[1821.34],2,2.0
[5435.16],4,4.0
[1743.59],2,2.0
[16767.59],4,4.0
[1306.17],1,1.0
[2692.79],2,2.0
[3201.95],3,3.0
[7541.52],4,4.0
[3010.82],3,3.0
[1520.02],2,2.0
[5557.36],4,4.0
[2560.91],2,2.0
[18525.56],4,4.0
[3427.35],3,3.0
[3805.31],3,3.0
[1300.9],1,1.0
[1525.26],2,2.0
[1528.39],2,2.0
[1544.19],2,2.0
[220.56],0,0.0
[2903.47],2,2.0
[18751.14],4,4.0
[888.08],1,1.0
[3521.88],3,3.0
[2992.11],2,2.0
[3081.82],3,3.0
[3281.06],3,3.0
[3961.32],3,3.0
[346.91],0,0.0
[1389.88],1,1.0
[663.59],1,1.0
[2180.86],2,2.0
[2592.01],2,2.0
[1599.69],2,2.0
[3884.24],3,3.0
[1299.69],1,1.0
[1364.32],1,1.0
[3350.78],3,3.0
[3827.41],3,3.0
[11203.24],4,4.0
[2788.07],2,2.0
[1924.73],2,2.0
[1527.74],2,2.0
[1494.37],1,1.0
[3150.81],3,3.0
[1211.45],1,1.0
[3475.76],3,3.0
[3627.88],3,3.0
[10207.44],4,4.0
[1831.79],2,2.0
[3097.0],3,3.0
[1384.04],1,1.0
[1281.6],1,1.0
[2182.0],2,2.0
[3559.15],3,3.0
[2192.16],2,2.0
[3868.38],3,3.0
[3789.1],3,3.0
[1581.19],2,2.0
[2702.59],2,2.0
[736.83],1,1.0
[1604.18],2,2.0
[1670.25],2,2.0
[3913.69],3,3.0
[4559.13],3,3.0
[3200.4],3,3.0
[5591.16],4,4.0
[2148.56],2,2.0
[2701.06],2,2.0
[2670.78],2,2.0
[2608.04],2,2.0
[2918.45],2,2.0
[1809.64],2,2.0
[1182.88],1,1.0
[1176.69],1,1.0
[410.33],0,0.0
[2237.92],2,2.0
[1308.89],1,1.0
[14351.44],4,4.0
[878.53],1,1.0
[567.59],1,1.0
[3637.4],3,3.0
[4842.38],3,3.0
[3081.16],3,3.0
[2922.1],2,2.0
[3536.3],3,3.0
[1022.95],1,1.0
[3222.52],3,3.0
[2340.62],2,2.0
[2078.35],2,2.0
[2702.45],2,2.0
[3688.96],3,3.0
[2950.31],2,2.0
[3622.92],3,3.0
[3769.75],3,3.0
[1427.98],1,1.0
[3049.7],3,3.0
[2670.91],2,2.0
[1988.69],2,2.0
[3849.36],3,3.0
[1549.1],2,2.0
[1846.89],2,2.0
[1370.26],1,1.0
[2896.07],2,2.0
[1067.4],1,1.0
[1404.07],1,1.0
[1942.05],2,2.0
[3410.99],3,3.0
[3640.87],3,3.0
[1049.18],1,1.0
[2130.53],2,2.0
[2953.36],2,2.0
[2841.99],2,2.0
[2462.7],2,2.0
[3426.05],3,3.0
[2806.38],2,2.0
[1114.85],1,1.0
[2273.28],2,2.0
[966.06],1,1.0
[1083.82],1,1.0
[1577.81],2,2.0
[1383.91],1,1.0
[3624.97],3,3.0
[953.83],1,1.0
[7873.4],4,4.0
[1205.54],1,1.0
[3436.48],3,3.0
[756.41],1,1.0
[2461.2],2,2.0
[1400.79],1,1.0
[3531.33],3,3.0
[1675.15],2,2.0
[2863.1],2,2.0
[4942.79],3,3.0
[1707.35],2,2.0
[2704.45],2,2.0
[3183.12],3,3.0
[3673.96],3,3.0
[1779.97],2,2.0
[1914.87],2,2.0
[2237.69],2,2.0
[809.28],1,1.0
[2574.42],2,2.0
[2152.56],2,2.0
[7616.53],4,4.0
[1154.46],1,1.0
[851.23],1,1.0
[3746.73],3,3.0
[1926.67],2,2.0
[3336.07],3,3.0
[3768.46],3,3.0
[3576.63],3,3.0
[2807.7],2,2.0
[3502.82],3,3.0
[2058.58],2,2.0
[1031.63],1,1.0
[3477.92],3,3.0
[2284.4],2,2.0
[3113.47],3,3.0
[3864.03],3,3.0
[3459.19],3,3.0
[2742.22],2,2.0
[3798.74],3,3.0
[4480.39],3,3.0
[2254.08],2,2.0
[3305.06],3,3.0
[1222.88],1,1.0
[2969.56],2,2.0
[3658.24],3,3.0
[2755.96],2,2.0
[1199.49],1,1.0
[1557.26],2,2.0
[3294.26],3,3.0
[1693.16],2,2.0
[1541.78],2,2.0
[1132.11],1,1.0
[1812.55],2,2.0
[3702.49],3,3.0
[863.41],1,1.0
[2193.61],2,2.0
[1369.09],1,1.0
[7072.46],4,4.0
[2052.65],2,2.0
[84.86],0,0.0
[3558.31],3,3.0
[2703.6],2,2.0
[19251.92],4,4.0
[2295.77],2,2.0
[2837.98],2,2.0
[1840.72],2,2.0
[3657.33],3,3.0
[2858.46],2,2.0
[2975.87],2,2.0
[3969.44],3,3.0
[3159.75],3,3.0
[2921.83],2,2.0
[986.27],1,1.0
[1514.63],2,2.0
[3457.05],3,3.0
[2225.27],2,2.0
[530.09],1,1.0
[2879.77],2,2.0
[906.34],1,1.0
[2109.57],2,2.0
[3776.99],3,3.0
[2968.12],2,2.0
[3906.38],3,3.0
[6394.51],4,4.0
[3730.68],3,3.0
[3579.41],3,3.0
[2293.47],2,2.0
[3023.11],3,3.0
[2662.38],2,2.0
[3364.13],3,3.0
[1008.94],1,1.0
[2890.72],2,2.0
[2347.53],2,2.0
[3926.81],3,3.0
[836.72],1,1.0
[3000.25],3,3.0
[3225.02],3,3.0
[1611.91],2,2.0
[3495.42],3,3.0
[2779.35],2,2.0
[1065.76],1,1.0
[781.49],1,1.0
[3352.61],3,3.0
[1391.53],1,1.0
[2347.6],2,2.0
[3605.45],3,3.0
[1650.83],2,2.0
[1023.65],1,1.0
[1240.23],1,1.0
[3937.11],3,3.0
[3498.07],3,3.0
[899.67],1,1.0
[1726.42],2,2.0
[2717.62],2,2.0
[2793.14],2,2.0
[1634.65],2,2.0
[1220.75],1,1.0
[713.73],1,1.0
[2648.52],2,2.0
[1444.73],1,1.0
[2442.54],2,2.0
[2739.58],2,2.0
[3806.65],3,3.0
[6101.99],4,4.0
[2273.17],2,2.0
[3336.15],3,3.0
[3110.89],3,3.0
[2484.33],2,2.0
[5540.63],4,4.0
[3845.18],3,3.0
[2567.21],2,2.0
[1665.43],2,2.0
[1919.42],2,2.0
[3227.81],3,3.0
[3713.16],3,3.0
[1770.94],2,2.0
[1141.35],1,1.0
[2235.38],2,2.0
[2393.63],2,2.0
[4880.21],3,3.0
[4211.23],3,3.0
[1056.84],1,1.0
[1887.1],2,2.0
[1619.04],2,2.0
[1062.3],1,1.0
[983.42],1,1.0
[2973.09],2,2.0
[3069.35],3,3.0
[3575.8],3,3.0
[1127.33],1,1.0
[2299.48],2,2.0
[2107.12],2,2.0
[1302.4],1,1.0
[2366.34],2,2.0
[3599.12],3,3.0
[3755.11],3,3.0
[3021.79],3,3.0
[15954.73],4,4.0
[1251.59],1,1.0
[3756.13],3,3.0
[3535.36],3,3.0
[2507.98],2,2.0
[1622.7],2,2.0
[3801.85],3,3.0
[2301.31],2,2.0
[1466.08],1,1.0
[1738.52],2,2.0
[2642.92],2,2.0
[3639.26],3,3.0
[3274.91],3,3.0
[3068.66],3,3.0
[3089.93],3,3.0
[1815.21],2,2.0
[604.57],1,1.0
[3396.34],3,3.0
[3535.0],3,3.0
[1442.37],1,1.0
[521.46],1,1.0
[3141.05],3,3.0
[2031.28],2,2.0
[3325.87],3,3.0
[2931.95],2,2.0
[3727.07],3,3.0
[3331.13],3,3.0
[2698.89],2,2.0
[2675.81],2,2.0
[3557.37],3,3.0
[1391.09],1,1.0
[2570.62],2,2.0
[3121.83],3,3.0
[3479.49],3,3.0
[2632.02],2,2.0
[3668.38],3,3.0
[1181.65],1,1.0
[3621.97],3,3.0
[2752.41],2,2.0
[3946.27],3,3.0
[2615.86],2,2.0
[5432.06],4,4.0
[1823.42],2,2.0
[2191.94],2,2.0
[311.7],0,0.0
[3105.83],3,3.0
[1782.49],2,2.0
[1704.79],2,2.0
[13931.02],4,4.0
[2247.21],2,2.0
[2308.91],2,2.0
[1519.08],2,2.0
[2563.74],2,2.0
[2733.17],2,2.0
[1853.54],2,2.0
[1368.85],1,1.0
[367.8],0,0.0
[3266.23],3,3.0
[1426.4],1,1.0
[2140.23],2,2.0
[1742.94],2,2.0
[1268.15],1,1.0
[2945.31],2,2.0
[15669.87],4,4.0
[2514.6],2,2.0
[552.12],1,1.0
[2960.02],2,2.0
[3632.01],3,3.0
[2950.73],2,2.0
[2336.62],2,2.0
[3229.73],3,3.0
[611.78],1,1.0
[3953.27],3,3.0
[606.58],1,1.0
[5026.3],4,4.0
[3156.28],3,3.0
[3238.73],3,3.0
[2424.73],2,2.0
[3770.46],3,3.0
[1015.29],1,1.0
[1554.44],2,2.0
[3822.33],3,3.0
[2361.73],2,2.0
[2580.79],2,2.0
[1776.22],2,2.0
[5813.36],4,4.0
[6882.3],4,4.0
[1759.51],2,2.0
[87.53],0,0.0
[2364.18],2,2.0
[874.37],1,1.0
[1285.23],1,1.0
[2509.24],2,2.0
[1464.08],1,1.0
[745.62],1,1.0
[1760.68],2,2.0
[3162.4],3,3.0
[3590.68],3,3.0
[808.89],1,1.0
[755.85],1,1.0
[3620.3],3,3.0
[2569.34],2,2.0
[3840.61],3,3.0
[3362.57],3,3.0
[3827.75],3,3.0
[3860.95],3,3.0
[6308.27],4,4.0
[3116.75],3,3.0
[995.95],1,1.0
[3841.59],3,3.0
[522.06],1,1.0
[2256.31],2,2.0
[3561.32],3,3.0
[2745.16],2,2.0
[2777.05],2,2.0
[3847.02],3,3.0
[3668.62],3,3.0
[1143.06],1,1.0
[957.73],1,1.0
[3992.18],3,3.0
[3676.35],3,3.0
[1112.63],1,1.0
[3021.55],3,3.0
[6411.61],4,4.0
[2685.27],2,2.0
[3533.72],3,3.0
[2500.23],2,2.0
[1601.22],2,2.0
[2404.59],2,2.0
[1233.18],1,1.0
[601.26],1,1.0
[5113.88],4,4.0
[889.79],1,1.0
[2555.27],2,2.0
[2074.21],2,2.0
[3037.67],3,3.0
[5091.17],4,4.0
[1904.14],2,2.0
[1622.17],2,2.0
[2220.6],2,2.0
[3260.89],3,3.0
[6722.98],4,4.0
[3541.24],3,3.0
[1820.24],2,2.0
[3740.89],3,3.0
[5951.78],4,4.0
[2134.43],2,2.0
[2593.0],2,2.0
[2636.96],2,2.0
[3411.11],3,3.0
[1701.69],2,2.0
[1410.61],1,1.0
[2485.41],2,2.0
[2370.95],2,2.0
[6875.17],4,4.0
[3812.48],3,3.0
[2194.05],2,2.0
[1250.06],1,1.0
[3715.78],3,3.0
[2051.68],2,2.0
[3026.06],3,3.0
[1194.61],1,1.0
[2299.01],2,2.0
[3343.2],3,3.0
[1657.77],2,2.0
[558.65],1,1.0
[1636.28],2,2.0
[1845.88],2,2.0
[1062.83],1,1.0
[2551.61],2,2.0
[2369.45],2,2.0
[3035.78],3,3.0
[549.8],1,1.0
[1344.1],1,1.0
[2269.38],2,2.0
[1365.37],1,1.0
[3190.71],3,3.0
[1569.12],2,2.0
[2907.76],2,2.0
[2376.25],2,2.0
[6483.59],4,4.0
[1187.48],1,1.0
[3453.98],3,3.0
[3990.31],3,3.0
[1230.36],1,1.0
[1602.03],2,2.0
[3894.01],3,3.0
[1029.74],1,1.0
[2946.74],2,2.0
[3503.52],3,3.0
[3478.14],3,3.0
[1604.87],2,2.0
[1417.22],1,1.0
[2760.51],2,2.0
[2148.37],2,2.0
[2230.62],2,2.0
[2245.44],2,2.0
[1784.09],2,2.0
[1065.0],1,1.0
[645.62],1,1.0
[3526.06],3,3.0
[1011.63],1,1.0
[3808.53],3,3.0
[3909.64],3,3.0
[1151.22],1,1.0
[3384.54],3,3.0
[3964.99],3,3.0
[2433.29],2,2.0
[3666.08],3,3.0
[3003.13],3,3.0
[2830.03],2,2.0
[5260.18],4,4.0
[2389.95],2,2.0
[2346.66],2,2.0
[1017.63],1,1.0
[3432.19],3,3.0
[1295.51],1,1.0
[3221.44],3,3.0
[2837.97],2,2.0
[2194.25],2,2.0
[1989.6],2,2.0
[3420.25],3,3.0
[807.1],1,1.0
[337.84],0,0.0
[15697.75],4,4.0
[3782.58],3,3.0
[2195.93],2,2.0
[3280.07],3,3.0
[2270.2],2,2.0
[4776.38],3,3.0
[2685.39],2,2.0
[1143.51],1,1.0
[3409.61],3,3.0
[1626.6],2,2.0
[5691.73],4,4.0
[2360.36],2,2.0
[1575.56],2,2.0
[722.79],1,1.0
[3036.16],3,3.0
[3681.76],3,3.0
[4640.23],3,3.0
[3705.38],3,3.0
[3431.07],3,3.0
[1334.01],1,1.0
[1643.47],2,2.0
[3961.66],3,3.0
[1479.32],1,1.0
[3556.41],3,3.0
[161.12],0,0.0
[2541.74],2,2.0
[6661.31],4,4.0
[2729.06],2,2.0
[1043.26],1,1.0
[3781.72],3,3.0
[3289.98],3,3.0
[1985.34],2,2.0
[2632.71],2,2.0
[2828.68],2,2.0
[2452.99],2,2.0
[1102.48],1,1.0
[1284.76],1,1.0
[1142.75],1,1.0
[2668.6],2,2.0
[3209.71],3,3.0
[1056.09],1,1.0
[1345.83],1,1.0
[2393.66],2,2.0
[2746.02],2,2.0
[13883.11],4,4.0
[1227.91],1,1.0
[2888.89],2,2.0
[5619.7],4,4.0
[2781.72],2,2.0
[1207.28],1,1.0
[2147.09],2,2.0
[1140.85],1,1.0
[3557.41],3,3.0
[3023.13],3,3.0
[1459.9],1,1.0
[2459.36],2,2.0
[1570.86],2,2.0
[1921.99],2,2.0
[3387.55],3,3.0
[2157.74],2,2.0
[106.18],0,0.0
[2982.35],2,2.0
[1604.7],2,2.0
[2426.98],2,2.0
[1319.86],1,1.0
[2024.6],2,2.0
[2107.53],2,2.0
[3870.68],3,3.0
[2981.63],2,2.0
[2215.33],2,2.0
[494.21],0,0.0
[1515.06],2,2.0
[3553.58],3,3.0
[3661.26],3,3.0
[1894.8],2,2.0
[19767.09],4,4.0
[3569.04],3,3.0
[3778.12],3,3.0
[2040.46],2,2.0
[3785.11],3,3.0
[2371.35],2,2.0
[69.73],0,0.0
[1912.5],2,2.0
[1009.41],1,1.0
[2182.81],2,2.0
[4643.79],3,3.0
[710.24],1,1.0
[2225.88],2,2.0
[2870.43],2,2.0
[2881.46],2,2.0
[2490.13],2,2.0
[2828.42],2,2.0
[2697.62],2,2.0
[3911.27],3,3.0
[2247.04],2,2.0
[535.46],1,1.0
[1250.27],1,1.0
[2508.38],2,2.0
[203.36],0,0.0
[2137.15],2,2.0
[3644.11],3,3.0
[1763.47],2,2.0
[560.28],1,1.0
[1927.55],2,2.0
[3949.4],3,3.0
[3058.87],3,3.0
[2767.86],2,2.0
[3896.06],3,3.0
[1059.14],1,1.0
[571.25],1,1.0
[3385.27],3,3.0
[2859.21],2,2.0
[1541.3],2,2.0
[2170.15],2,2.0
[3497.07],3,3.0
[1580.82],2,2.0
[3605.07],3,3.0
[3693.24],3,3.0
[3764.37],3,3.0
[4267.83],3,3.0
[3899.24],3,3.0
[3819.54],3,3.0
[2322.03],2,2.0
[414.59],0,0.0
[871.92],1,1.0
[3712.49],3,3.0
[3857.3],3,3.0
[2747.74],2,2.0
[3737.48],3,3.0
[3793.33],3,3.0
[3969.8],3,3.0
[1982.23],2,2.0
[2646.57],2,2.0
[1063.33],1,1.0
[1826.07],2,2.0
[1560.24],2,2.0
[2616.72],2,2.0
[920.49],1,1.0
[3818.58],3,3.0
[2948.46],2,2.0
[5459.04],4,4.0
[3663.93],3,3.0
[2365.48],2,2.0
[3041.02],3,3.0
[3631.62],3,3.0
[3133.71],3,3.0
[5330.01],4,4.0
[3381.6],3,3.0
[3178.27],3,3.0
[1051.18],1,1.0
[2647.06],2,2.0
[5615.43],4,4.0
[1826.77],2,2.0
[17910.93],4,4.0
[1329.1],1,1.0
[4419.09],3,3.0
[2727.82],2,2.0
[2053.11],2,2.0
[2317.16],2,2.0
[1750.35],2,2.0
[1760.63],2,2.0
[1350.25],1,1.0
[1024.21],1,1.0
[6968.32],4,4.0
[507.37],1,1.0
[1960.88],2,2.0
[2949.4],2,2.0
[2072.02],2,2.0
[3724.1],3,3.0
[2312.05],2,2.0
[6747.27],4,4.0
[3471.48],3,3.0
[2226.48],2,2.0
[3530.68],3,3.0
[2820.61],2,2.0
[1185.52],1,1.0
[2746.83],2,2.0
[3548.58],3,3.0
[3950.46],3,3.0
[833.23],1,1.0
[3698.79],3,3.0
[1372.8],1,1.0
[771.65],1,1.0
[1983.13],2,2.0
[1654.21],2,2.0
[2447.8],2,2.0
[18966.56],4,4.0
[1670.87],2,2.0
[3103.21],3,3.0
[3737.64],3,3.0
[3547.73],3,3.0
[2831.69],2,2.0
[1201.19],1,1.0
[4559.27],3,3.0
[3687.48],3,3.0
[945.32],1,1.0
[3147.85],3,3.0
[6976.65],4,4.0
[3619.65],3,3.0
[3520.12],3,3.0
[1972.81],2,2.0
[2100.19],2,2.0
[1997.08],2,2.0
[1734.75],2,2.0
[2943.53],2,2.0
[3888.27],3,3.0
[118.47],0,0.0
[1201.83],1,1.0
[3702.23],3,3.0
[5752.21],4,4.0
[1106.11],1,1.0
[2874.98],2,2.0
[1762.78],2,2.0
[1301.15],1,1.0
[637.67],1,1.0
[1576.32],2,2.0
[1426.89],1,1.0
[2929.35],2,2.0
[278.32],0,0.0
[2463.55],2,2.0
[560.51],1,1.0
[3709.54],3,3.0
[5540.1],4,4.0
[1569.51],2,2.0
[3728.64],3,3.0
[2506.33],2,2.0
[2070.06],2,2.0
[2166.74],2,2.0
[3562.76],3,3.0
[655.0],1,1.0
[584.13],1,1.0
[1634.02],2,2.0
[2809.88],2,2.0
[6304.33],4,4.0
[2311.29],2,2.0
[2927.77],2,2.0
[1248.73],1,1.0
[1516.9],2,2.0
[2039.97],2,2.0
[3882.7],3,3.0
[940.24],1,1.0
[3175.36],3,3.0
[536.6],1,1.0
[20.51],0,0.0
[2338.3],2,2.0
[1796.75],2,2.0
[1191.82],1,1.0
[3086.29],3,3.0
[2923.88],2,2.0
[2120.66],2,2.0
[2281.35],2,2.0
[2158.08],2,2.0
[1822.78],2,2.0
[2663.26],2,2.0
[3766.59],3,3.0
[711.92],1,1.0
[931.49],1,1.0
[1611.94],2,2.0
[1820.54],2,2.0
[3460.19],3,3.0
[1974.77],2,2.0
[944.18],1,1.0
[2560.27],2,2.0
[3042.37],3,3.0
[3604.75],3,3.0
[2088.99],2,2.0
[2424.06],2,2.0
[3201.34],3,3.0
[3210.05],3,3.0
[802.71],1,1.0
[1465.98],1,1.0
[2811.55],2,2.0
[3223.56],3,3.0
[1736.82],2,2.0
[4693.74],3,3.0
[2859.35],2,2.0
[5190.93],4,4.0
[5387.57],4,4.0
[3771.65],3,3.0
[2799.0],2,2.0
[2161.38],2,2.0
[1115.6],1,1.0
[502.81],1,1.0
[1315.38],1,1.0
[4365.33],3,3.0
[1245.05],1,1.0
[1789.85],2,2.0
[1780.39],2,2.0
[3461.17],3,3.0
[1783.15],2,2.0
[2442.34],2,2.0
[3015.37],3,3.0
[2695.88],2,2.0
[2567.61],2,2.0
[2581.22],2,2.0
[699.16],1,1.0
[1503.97],2,2.0
[7003.23],4,4.0
[2863.56],2,2.0
[2345.73],2,2.0
[1336.53],1,1.0
[3613.01],3,3.0
[2360.93],2,2.0
[2305.68],2,2.0
[3167.22],3,3.0
[1120.5],1,1.0
[2702.93],2,2.0
[5736.55],4,4.0
[1058.27],1,1.0
[3508.05],3,3.0
[1382.66],1,1.0
[3525.78],3,3.0
[3749.14],3,3.0
[1680.79],2,2.0
[1779.31],2,2.0
[3647.17],3,3.0
[3992.31],3,3.0
[3413.4],3,3.0
[2722.76],2,2.0
[2316.01],2,2.0
[1943.54],2,2.0
[2431.44],2,2.0
[1376.62],1,1.0
[3487.8],3,3.0
[1361.09],1,1.0
[1046.44],1,1.0
[3484.49],3,3.0
[4976.75],3,3.0
[1648.63],2,2.0
[5915.47],4,4.0
[18807.06],4,4.0
[2706.94],2,2.0
[3093.29],3,3.0
[1924.44],2,2.0
[3630.56],3,3.0
[1232.49],1,1.0
[3329.76],3,3.0
[3150.59],3,3.0
[71.13],0,0.0
[2593.11],2,2.0
[1605.83],2,2.0
[1842.78],2,2.0
[1898.41],2,2.0
[1263.12],1,1.0
[2087.23],2,2.0
[16853.48],4,4.0
[3820.59],3,3.0
[2649.78],2,2.0
[2499.74],2,2.0
[1810.71],2,2.0
[2789.37],2,2.0
[3588.35],3,3.0
[1714.1],2,2.0
[3417.07],3,3.0
[4117.56],3,3.0
[3416.13],3,3.0
[3635.18],3,3.0
[7540.53],4,4.0
[3453.1],3,3.0
[3167.73],3,3.0
[3819.92],3,3.0
[2472.66],2,2.0
[2060.95],2,2.0
[2052.67],2,2.0
[1979.97],2,2.0
[4110.69],3,3.0
[3046.11],3,3.0
[3708.05],3,3.0
[2196.26],2,2.0
[7940.46],4,4.0
[1909.01],2,2.0
[1459.91],1,1.0
[1411.33],1,1.0
[3184.97],3,3.0
[3237.46],3,3.0
[2174.79],2,2.0
[2876.68],2,2.0
[2111.4],2,2.0
[3426.71],3,3.0
[2613.15],2,2.0
[2131.47],2,2.0
[2775.63],2,2.0
[3224.75],3,3.0
[2483.85],2,2.0
[1375.44],1,1.0
[1998.93],2,2.0
[3333.02],3,3.0
[2549.94],2,2.0
[934.99],1,1.0
[3300.22],3,3.0
[1896.92],2,2.0
[3439.62],3,3.0
[1600.35],2,2.0
[2542.79],2,2.0
[4016.4],3,3.0
[3674.65],3,3.0
[3838.21],3,3.0
[6417.33],4,4.0
[3278.3],3,3.0
[3741.94],3,3.0
[779.2],1,1.0
[2050.02],2,2.0
[2163.45],2,2.0
[3919.37],3,3.0
[3195.17],3,3.0
[1762.0],2,2.0
[4446.56],3,3.0
[2933.5],2,2.0
[1246.78],1,1.0
[6831.16],4,4.0
[3804.62],3,3.0
[3381.19],3,3.0
[1048.1],1,1.0
[7470.08],4,4.0
[2104.5],2,2.0
[2538.02],2,2.0
[1496.07],1,1.0
[2351.69],2,2.0
[3372.57],3,3.0
[2386.08],2,2.0
[2321.5],2,2.0
[3033.18],3,3.0
[3981.55],3,3.0
[1974.87],2,2.0
[1913.45],2,2.0
[1617.53],2,2.0
[1726.05],2,2.0
[704.0],1,1.0
[3733.8],3,3.0
[3738.43],3,3.0
[3497.09],3,3.0
[3550.53],3,3.0
[3597.05],3,3.0
[2750.85],2,2.0
[1461.85],1,1.0
[2495.16],2,2.0
[3619.4],3,3.0
[3544.11],3,3.0
[2131.13],2,2.0
[2164.75],2,2.0
[5776.74],4,4.0
[1087.92],1,1.0
[1314.58],1,1.0
[1369.82],1,1.0
[2865.86],2,2.0
[2802.14],2,2.0
[3441.3],3,3.0
[3666.89],3,3.0
[1583.85],2,2.0
[3615.85],3,3.0
[3154.79],3,3.0
[1903.51],2,2.0
[2744.12],2,2.0
[418.93],0,0.0
[2453.41],2,2.0
[3240.84],3,3.0
[3864.77],3,3.0
[7204.66],4,4.0
[3543.4],3,3.0
[3474.5],3,3.0
[1357.21],1,1.0
[3312.45],3,3.0
[1911.92],2,2.0
[2938.92],2,2.0
[3904.98],3,3.0
[2281.78],2,2.0
[2504.08],2,2.0
[3235.21],3,3.0
[6899.53],4,4.0
[3073.49],3,3.0
[2100.55],2,2.0
[7578.66],4,4.0
[1429.53],1,1.0
[2746.01],2,2.0
[14079.97],4,4.0
[1015.12],1,1.0
[3378.2],3,3.0
[3874.75],3,3.0
[12825.02],4,4.0
[2927.16],2,2.0
[1918.35],2,2.0
[2086.13],2,2.0
[3357.63],3,3.0
[3703.24],3,3.0
[3099.52],3,3.0
[3908.27],3,3.0
[2575.48],2,2.0
[5016.28],4,4.0
[3031.35],3,3.0
[2497.5],2,2.0
[2095.02],2,2.0
[3933.26],3,3.0
[2367.21],2,2.0
[2204.35],2,2.0
[3194.44],3,3.0
[2044.67],2,2.0
[1608.34],2,2.0
[3901.57],3,3.0
[3176.16],3,3.0
[6342.76],4,4.0
[2225.17],2,2.0
[1722.09],2,2.0
[3150.69],3,3.0
[3158.99],3,3.0
[431.04],0,0.0
[694.79],1,1.0
[1956.25],2,2.0
[1345.82],1,1.0
[2588.07],2,2.0
[1639.51],2,2.0
[3027.85],3,3.0
[2154.0],2,2.0
[2833.22],2,2.0
[2015.2],2,2.0
[3682.0],3,3.0
[1319.02],1,1.0
[1041.83],1,1.0
[674.96],1,1.0
[3329.67],3,3.0
[2969.56],2,2.0
[3933.52],3,3.0
[3292.38],3,3.0
[713.87],1,1.0
[3423.77],3,3.0
[361.86],0,0.0
[2783.99],2,2.0
[2386.43],2,2.0
[2425.61],2,2.0
[1264.52],1,1.0
[1338.24],1,1.0
[1873.98],2,2.0
[1421.28],1,1.0
[2843.43],2,2.0
[2631.39],2,2.0
[710.18],1,1.0
[2143.94],2,2.0
[2926.08],2,2.0
[3885.78],3,3.0
[3205.96],3,3.0
[1991.92],2,2.0
[3883.47],3,3.0
[3733.48],3,3.0
[3937.57],3,3.0
[900.1],1,1.0
[3908.62],3,3.0
[1826.4],2,2.0
[2329.07],2,2.0
[3064.48],3,3.0
[2543.0],2,2.0
[3883.59],3,3.0
[19399.83],4,4.0
[3004.14],3,3.0
[2654.39],2,2.0
[3252.22],3,3.0
[4426.62],3,3.0
[3778.67],3,3.0
[3703.38],3,3.0
[3756.59],3,3.0
[2085.91],2,2.0
[1814.84],2,2.0
[1822.79],2,2.0
[3703.81],3,3.0
[2770.84],2,2.0
[1492.34],1,1.0
[3852.92],3,3.0
[1646.36],2,2.0
[3795.54],3,3.0
[221.2],0,0.0
[2173.19],2,2.0
[607.27],1,1.0
[318.22],0,0.0
[3736.66],3,3.0
[2111.66],2,2.0
[2897.03],2,2.0
[1738.68],2,2.0
[3226.38],3,3.0
[2796.98],2,2.0
[10489.42],4,4.0
[2764.48],2,2.0
[1483.78],1,1.0
[1120.32],1,1.0
[4002.85],3,3.0
[2389.97],2,2.0
[3766.21],3,3.0
[1959.73],2,2.0
[3642.76],3,3.0
[4728.1],3,3.0
[2440.71],2,2.0
[3806.49],3,3.0
[2956.72],2,2.0
[2025.22],2,2.0
[2180.31],2,2.0
[2248.67],2,2.0
[2658.39],2,2.0
[2614.84],2,2.0
[1069.4],1,1.0
[3030.13],3,3.0
[1897.29],2,2.0
[2406.52],2,2.0
[4673.92],3,3.0
[2242.14],2,2.0
[1111.78],1,1.0
[2299.13],2,2.0
[2168.8],2,2.0
[1365.31],1,1.0
[5764.64],4,4.0
[2655.57],2,2.0
[1084.87],1,1.0
[3065.48],3,3.0
[2130.18],2,2.0
[755.1],1,1.0
[3108.64],3,3.0
[29.17],0,0.0
[1644.9],2,2.0
[3109.39],3,3.0
[3381.45],3,3.0
[942.45],1,1.0
[3199.17],3,3.0
[1087.03],1,1.0
[6783.15],4,4.0
[3073.41],3,3.0
[3508.66],3,3.0
[3438.07],3,3.0
[1859.47],2,2.0
[3761.99],3,3.0
[3004.92],3,3.0
[1653.53],2,2.0
[2949.73],2,2.0
[1043.88],1,1.0
[2816.45],2,2.0
[3882.1],3,3.0
[645.19],1,1.0
[2287.05],2,2.0
[3502.12],3,3.0
[1375.1],1,1.0
[731.3],1,1.0
[2054.95],2,2.0
[1351.3],1,1.0
[1764.52],2,2.0
[1084.68],1,1.0
[2524.22],2,2.0
[3625.08],3,3.0
[2100.17],2,2.0
[1808.28],2,2.0
[3680.92],3,3.0
[1909.38],2,2.0
[2011.74],2,2.0
[2074.09],2,2.0
[1412.37],1,1.0
[3651.94],3,3.0
[2716.25],2,2.0
[280.08],0,0.0
[1213.6],1,1.0
[3558.58],3,3.0
[3219.98],3,3.0
[1118.77],1,1.0
[2963.48],2,2.0
[2604.82],2,2.0
[2164.48],2,2.0
[2230.25],2,2.0
[3442.0],3,3.0
[3356.49],3,3.0
[3760.81],3,3.0
[993.12],1,1.0
[257.45],0,0.0
[2696.61],2,2.0
[1152.87],1,1.0
[3060.43],3,3.0
[3690.91],3,3.0
[3336.13],3,3.0
[1976.02],2,2.0
[3136.9],3,3.0
[2897.5],2,2.0
[2719.46],2,2.0
[2013.54],2,2.0
[2136.92],2,2.0
[3315.23],3,3.0
[3240.5],3,3.0
[2836.51],2,2.0
[1634.13],2,2.0
[2168.21],2,2.0
[1916.05],2,2.0
[6496.74],4,4.0
[56.27],0,0.0
[3369.53],3,3.0
[2659.51],2,2.0
[1577.57],2,2.0
[1593.04],2,2.0
[1982.51],2,2.0
[3102.8],3,3.0
[2793.32],2,2.0
[3266.92],3,3.0
[3254.62],3,3.0
[3792.11],3,3.0
[3916.65],3,3.0
[3654.13],3,3.0
[646.67],1,1.0
[2476.33],2,2.0
[2020.16],2,2.0
[2510.46],2,2.0
[1547.89],2,2.0
[3994.35],3,3.0
[1565.4],2,2.0
[2650.01],2,2.0
[1841.03],2,2.0
[890.24],1,1.0
[5867.55],4,4.0
[2877.4],2,2.0
[2841.87],2,2.0
[2459.55],2,2.0
[3059.13],3,3.0
[2508.21],2,2.0
[2910.42],2,2.0
[1924.63],2,2.0
[2767.18],2,2.0
[3839.11],3,3.0
[2410.08],2,2.0
[655.85],1,1.0
[3095.87],3,3.0
[3470.17],3,3.0
[1173.3],1,1.0
[4438.76],3,3.0
[1759.41],2,2.0
[2952.38],2,2.0
[3648.43],3,3.0
[3987.95],3,3.0
[1278.03],1,1.0
[392.08],0,0.0
[1936.94],2,2.0
[1086.73],1,1.0
[3224.12],3,3.0
[2502.25],2,2.0
[3932.2],3,3.0
[2287.34],2,2.0
[3924.94],3,3.0
[2298.84],2,2.0
[3928.9],3,3.0
[2713.75],2,2.0
[2273.6],2,2.0
[3976.63],3,3.0
[2319.61],2,2.0
[182.31],0,0.0
[1507.57],2,2.0
[5616.83],4,4.0
[1673.76],2,2.0
[1824.75],2,2.0
[3353.1],3,3.0
[2396.27],2,2.0
[3494.84],3,3.0
[2166.3],2,2.0
[2691.08],2,2.0
[2794.33],2,2.0
[3205.66],3,3.0
[4958.1],3,3.0
[2174.61],2,2.0
[632.96],1,1.0
[3126.45],3,3.0
[2535.85],2,2.0
[3679.37],3,3.0
[3833.62],3,3.0
[2212.41],2,2.0
[2093.33],2,2.0
[1259.49],1,1.0
[903.89],1,1.0
[3199.77],3,3.0
[2644.87],2,2.0
[1266.19],1,1.0
[2056.59],2,2.0
[2618.1],2,2.0
[18984.41],4,4.0
[1387.96],1,1.0
[2228.22],2,2.0
[3224.76],3,3.0
[2605.95],2,2.0
[1273.34],1,1.0
[2166.26],2,2.0
[5277.94],4,4.0
[3380.39],3,3.0
[669.84],1,1.0
[1632.77],2,2.0
[3032.51],3,3.0
[1656.98],2,2.0
[3704.38],3,3.0
[17244.36],4,4.0
[4973.25],3,3.0
[1415.72],1,1.0
[3110.96],3,3.0
[2265.93],2,2.0
[1731.03],2,2.0
[1489.44],1,1.0
[1024.7],1,1.0
[136.32],0,0.0
[2289.83],2,2.0
[2191.46],2,2.0
[3743.02],3,3.0
[2478.55],2,2.0
[3636.38],3,3.0
[6849.87],4,4.0
[897.48],1,1.0
[1090.89],1,1.0
[2711.16],2,2.0
[3920.41],3,3.0
[2203.17],2,2.0
[17340.31],4,4.0
[3673.7],3,3.0
[1696.87],2,2.0
[2086.99],2,2.0
[2923.77],2,2.0
[1985.64],2,2.0
[3246.24],3,3.0
[2026.21],2,2.0
[3739.1],3,3.0
[3709.05],3,3.0
[1605.37],2,2.0
[2058.59],2,2.0
[1878.32],2,2.0
[1340.57],1,1.0
[3677.53],3,3.0
[1561.98],2,2.0
[2254.73],2,2.0
[2298.92],2,2.0
[3047.77],3,3.0
[2696.98],2,2.0
[1767.73],2,2.0
[1126.33],1,1.0
[1953.31],2,2.0
[2605.06],2,2.0
[6330.25],4,4.0
[2867.32],2,2.0
[3817.25],3,3.0
[3113.29],3,3.0
[2557.23],2,2.0
[1491.38],1,1.0
[5195.51],4,4.0
[3897.74],3,3.0
[1245.19],1,1.0
[2149.85],2,2.0
[2777.7],2,2.0
[1417.95],1,1.0
[2117.68],2,2.0
[2764.06],2,2.0
[1434.77],1,1.0
[1984.22],2,2.0
[2826.36],2,2.0
[1870.49],2,2.0
[3093.66],3,3.0
[1535.63],2,2.0
[922.09],1,1.0
[3992.4],3,3.0
[2968.13],2,2.0
[6564.67],4,4.0
[1829.76],2,2.0
[1286.87],1,1.0
[3323.6],3,3.0
[1606.23],2,2.0
[1044.37],1,1.0
[1091.59],1,1.0
[3811.06],3,3.0
[3071.78],3,3.0
[3708.6],3,3.0
[7292.45],4,4.0
[2890.16],2,2.0
[2813.01],2,2.0
[4801.05],3,3.0
[3238.57],3,3.0
[3077.06],3,3.0
[3846.03],3,3.0
[698.83],1,1.0
[1449.79],1,1.0
[2127.69],2,2.0
[1400.33],1,1.0
[3957.95],3,3.0
[1756.79],2,2.0
[978.66],1,1.0
[2799.45],2,2.0
[986.81],1,1.0
[3507.39],3,3.0
[2869.93],2,2.0
[568.01],1,1.0
[3730.2],3,3.0
[1955.07],2,2.0
[5787.01],4,4.0
[3450.68],3,3.0
[16857.63],4,4.0
[1061.15],1,1.0
[1369.62],1,1.0
[2258.12],2,2.0
[2757.77],2,2.0
[1630.2],2,2.0
[3247.36],3,3.0
[2699.79],2,2.0
[2535.42],2,2.0
[3855.0],3,3.0
[1444.54],1,1.0
[1466.7],1,1.0
[3315.74],3,3.0
[17170.31],4,4.0
[1236.49],1,1.0
[612.96],1,1.0
[3745.86],3,3.0
[5399.89],4,4.0
[2287.94],2,2.0
[3509.84],3,3.0
[1275.44],1,1.0
[2457.73],2,2.0
[3386.17],3,3.0
[931.11],1,1.0
[10783.19],4,4.0
[3517.91],3,3.0
[1989.83],2,2.0
[12758.78],4,4.0
[3291.0],3,3.0
[1502.47],2,2.0
[2373.5],2,2.0
[535.46],1,1.0
[1694.08],2,2.0
[3983.28],3,3.0
[2236.29],2,2.0
[133.82],0,0.0
[2431.92],2,2.0
[1179.3],1,1.0
[3247.69],3,3.0
[1015.47],1,1.0
[1785.39],2,2.0
[786.21],1,1.0
[2354.77],2,2.0
[1414.05],1,1.0
[2055.12],2,2.0
[1306.45],1,1.0
[3652.18],3,3.0
[3603.57],3,3.0
[1950.25],2,2.0
[2167.8],2,2.0
[3227.11],3,3.0
[539.89],1,1.0
[3309.88],3,3.0
[2836.55],2,2.0
[1522.18],2,2.0
[152.38],0,0.0
[2366.72],2,2.0
[1762.75],2,2.0
[625.9],1,1.0
[3264.35],3,3.0
[2430.03],2,2.0
[2412.91],2,2.0
[2908.13],2,2.0
[3285.17],3,3.0
[1321.33],1,1.0
[1607.52],2,2.0
[1474.79],1,1.0
[3153.88],3,3.0
[802.1],1,1.0
[883.69],1,1.0
[8299.68],4,4.0
[2913.04],2,2.0
[853.16],1,1.0
[578.66],1,1.0
[1514.08],2,2.0
[3054.59],3,3.0
[1985.64],2,2.0
[5249.26],4,4.0
[2463.26],2,2.0
[1821.65],2,2.0
[2112.18],2,2.0
[2878.14],2,2.0
[3872.36],3,3.0
[939.18],1,1.0
[2434.58],2,2.0
[3638.49],3,3.0
[1006.53],1,1.0
[7450.58],4,4.0
[3766.27],3,3.0
[2900.84],2,2.0
[3889.84],3,3.0
[3908.3],3,3.0
[2105.65],2,2.0
[3982.16],3,3.0
[3032.5],3,3.0
[1534.65],2,2.0
[3657.15],3,3.0
[1492.78],1,1.0
[6249.37],4,4.0
[3689.48],3,3.0
[1882.08],2,2.0
[2437.79],2,2.0
[2354.09],2,2.0
[1711.95],2,2.0
[3046.99],3,3.0
[7027.82],4,4.0
[1180.06],1,1.0
[974.93],1,1.0
[2619.15],2,2.0
[2714.21],2,2.0
[2097.21],2,2.0
[1376.16],1,1.0
[2228.24],2,2.0
[3343.51],3,3.0
[1469.27],1,1.0
[3557.17],3,3.0
[2674.71],2,2.0
[1105.43],1,1.0
[1062.22],1,1.0
[1822.57],2,2.0
[1798.11],2,2.0
[2599.83],2,2.0
[2926.38],2,2.0
[659.02],1,1.0
[2033.85],2,2.0
[1270.16],1,1.0
[401.22],0,0.0
[2054.0],2,2.0
[3641.47],3,3.0
[6129.61],4,4.0
[3742.91],3,3.0
[2112.53],2,2.0
[1640.51],2,2.0
[2484.38],2,2.0
[2213.36],2,2.0
[2967.63],2,2.0
[1996.69],2,2.0
[239.99],0,0.0
[1297.22],1,1.0
[2770.66],2,2.0
[2836.52],2,2.0
[2971.21],2,2.0
[1623.77],2,2.0
[2157.37],2,2.0
[2952.22],2,2.0
[7901.9],4,4.0
[7864.2],4,4.0
[2842.37],2,2.0
[6060.18],4,4.0
[176.57],0,0.0
[5963.67],4,4.0
[3665.13],3,3.0
[3657.06],3,3.0
[2907.73],2,2.0
[1451.35],1,1.0
[3228.43],3,3.0
[3397.55],3,3.0
[7958.58],4,4.0
[688.0],1,1.0
[3856.49],3,3.0
[7945.78],4,4.0
[2953.61],2,2.0
[3838.35],3,3.0
[1240.23],1,1.0
[800.89],1,1.0
[5676.13],4,4.0
[2480.52],2,2.0
[11142.49],4,4.0
[3127.21],3,3.0
[1064.19],1,1.0
[3045.29],3,3.0
[1830.15],2,2.0
[1348.33],1,1.0
[741.82],1,1.0
[2588.23],2,2.0
[2512.55],2,2.0
[1033.37],1,1.0
[3729.83],3,3.0
[2996.04],2,2.0
[1540.57],2,2.0
[3533.29],3,3.0
[2187.34],2,2.0
[1232.07],1,1.0
[2883.65],2,2.0
[1487.03],1,1.0
[1521.45],2,2.0
[3616.23],3,3.0
[2132.4],2,2.0
[2532.83],2,2.0
[1701.8],2,2.0
[3913.64],3,3.0
[1828.61],2,2.0
[360.39],0,0.0
[3578.58],3,3.0
[636.47],1,1.0
[1287.46],1,1.0
[1674.14],2,2.0
[7540.37],4,4.0
[3399.12],3,3.0
[1599.0],2,2.0
[3965.98],3,3.0
[3030.01],3,3.0
[1821.8],2,2.0
[2307.01],2,2.0
[1577.26],2,2.0
[1698.2],2,2.0
[1293.57],1,1.0
[1086.24],1,1.0
[1450.96],1,1.0
[1988.63],2,2.0
[3722.94],3,3.0
[3502.81],3,3.0
[675.12],1,1.0
[3635.03],3,3.0
[3833.29],3,3.0
[3331.52],3,3.0
[3994.88],3,3.0
[1212.69],1,1.0
[2737.94],2,2.0
[1925.73],2,2.0
[2041.25],2,2.0
[2114.33],2,2.0
[1144.43],1,1.0
[2180.35],2,2.0
[2715.87],2,2.0
[3917.54],3,3.0
[836.9],1,1.0
[3882.68],3,3.0
[2912.47],2,2.0
[1571.25],2,2.0
[3251.53],3,3.0
[15710.83],4,4.0
[3204.07],3,3.0
[1836.74],2,2.0
[2687.39],2,2.0
[9930.65],4,4.0
[1380.05],1,1.0
[618.28],1,1.0
[3272.11],3,3.0
[1410.49],1,1.0
[2035.85],2,2.0
[3013.26],3,3.0
[3082.58],3,3.0
[1439.43],1,1.0
[1151.53],1,1.0
[3262.54],3,3.0
[2785.48],2,2.0
[2268.73],2,2.0
[1016.74],1,1.0
[2857.42],2,2.0
[1025.96],1,1.0
[1607.42],2,2.0
[5581.48],4,4.0
[2494.84],2,2.0
[2640.67],2,2.0
[2201.12],2,2.0
[2437.58],2,2.0
[857.21],1,1.0
[687.43],1,1.0
[5748.07],4,4.0
[2417.66],2,2.0
[3996.15],3,3.0
[3467.17],3,3.0
[1482.08],1,1.0
[729.31],1,1.0
[1506.58],2,2.0
[2512.44],2,2.0
[2541.17],2,2.0
[3622.45],3,3.0
[3560.82],3,3.0
[2455.4],2,2.0
[3196.19],3,3.0
[3480.28],3,3.0
[2425.42],2,2.0
[2198.88],2,2.0
[1683.54],2,2.0
[2432.0],2,2.0
[3460.05],3,3.0
[737.95],1,1.0
[3572.65],3,3.0
[1911.73],2,2.0
[870.28],1,1.0
[1057.45],1,1.0
[2764.8],2,2.0
[3645.06],3,3.0
[3185.49],3,3.0
[3027.72],3,3.0
[2149.49],2,2.0
[766.39],1,1.0
[1942.15],2,2.0
[4123.56],3,3.0
[3585.07],3,3.0
[7235.45],4,4.0
[3811.42],3,3.0
[2937.75],2,2.0
[1696.93],2,2.0
[711.31],1,1.0
[6794.6],4,4.0
[2806.78],2,2.0
[2472.99],2,2.0
[2638.37],2,2.0
[2229.15],2,2.0
[3650.44],3,3.0
[407.96],0,0.0
[2896.78],2,2.0
[3848.17],3,3.0
[3812.7],3,3.0
[2346.61],2,2.0
[2978.89],2,2.0
[3553.82],3,3.0
[982.41],1,1.0
[3293.58],3,3.0
[2093.47],2,2.0
[14621.43],4,4.0
[3245.48],3,3.0
[2657.35],2,2.0
[2518.19],2,2.0
[3057.31],3,3.0
[360.51],0,0.0
[3915.33],3,3.0
[3104.46],3,3.0
[3119.22],3,3.0
[1305.95],1,1.0
[3006.57],3,3.0
[1902.98],2,2.0
[1781.66],2,2.0
[1008.09],1,1.0
[2085.79],2,2.0
[1584.33],2,2.0
[319.97],0,0.0
[1773.92],2,2.0
[1700.43],2,2.0
[265.24],0,0.0
[2117.12],2,2.0
[2103.35],2,2.0
[15883.15],4,4.0
[1282.45],1,1.0
[3375.21],3,3.0
[1290.86],1,1.0
[5312.13],4,4.0
[3026.72],3,3.0
[3901.66],3,3.0
[2190.25],2,2.0
[933.66],1,1.0
[1500.51],2,2.0
[2977.66],2,2.0
[876.11],1,1.0
[7337.12],4,4.0
[927.23],1,1.0
[2860.78],2,2.0
[1513.16],2,2.0
[871.4],1,1.0
[3035.96],3,3.0
[2447.23],2,2.0
[3310.02],3,3.0
[3986.08],3,3.0
[2349.09],2,2.0
[1712.33],2,2.0
[3472.38],3,3.0
[2534.64],2,2.0
[1076.82],1,1.0
[608.68],1,1.0
[2935.54],2,2.0
[2490.45],2,2.0
[3107.72],3,3.0
[3775.68],3,3.0
[3071.36],3,3.0
[3607.7],3,3.0
[7943.71],4,4.0
[2416.36],2,2.0
[1805.14],2,2.0
[1621.07],2,2.0
[3540.16],3,3.0
[2973.89],2,2.0
[74.79],0,0.0
[3206.63],3,3.0
[3351.24],3,3.0
[1243.77],1,1.0
[3954.13],3,3.0
[2346.45],2,2.0
[1791.03],2,2.0
[2995.18],2,2.0
[3365.32],3,3.0
[1346.96],1,1.0
[15270.14],4,4.0
[2332.81],2,2.0
[2226.44],2,2.0
[1733.95],2,2.0
[2588.78],2,2.0
[2149.68],2,2.0
[5328.17],4,4.0
[1104.48],1,1.0
[1332.19],1,1.0
[3709.25],3,3.0
[2082.79],2,2.0
[1420.73],1,1.0
[3554.47],3,3.0
[1356.82],1,1.0
[1588.1],2,2.0
[1084.93],1,1.0
[882.03],1,1.0
[1794.42],2,2.0
[2985.71],2,2.0
[2090.88],2,2.0
[3349.45],3,3.0
[3538.5],3,3.0
[3019.03],3,3.0
[1910.64],2,2.0
[3138.12],3,3.0
[1097.03],1,1.0
[726.36],1,1.0
[3232.02],3,3.0
[825.97],1,1.0
[3577.11],3,3.0
[3347.43],3,3.0
[1801.28],2,2.0
[2091.52],2,2.0
[302.86],0,0.0
[3602.44],3,3.0
[1752.43],2,2.0
[3725.52],3,3.0
[3370.7],3,3.0
[3323.42],3,3.0
[3625.08],3,3.0
[1714.08],2,2.0
[3841.73],3,3.0
[1318.87],1,1.0
[932.6],1,1.0
[2209.71],2,2.0
[3571.18],3,3.0
[3868.26],3,3.0
[2778.84],2,2.0
[1320.5],1,1.0
[1095.56],1,1.0
[2144.07],2,2.0
[2903.32],2,2.0
[2319.59],2,2.0
[3557.02],3,3.0
[2216.08],2,2.0
[3338.2],3,3.0
[3537.48],3,3.0
[2304.51],2,2.0
[2740.53],2,2.0
[3703.62],3,3.0
[3523.35],3,3.0
[2685.28],2,2.0
[4063.77],3,3.0
[2731.04],2,2.0
[1161.17],1,1.0
[4044.47],3,3.0
[1627.95],2,2.0
[2324.3],2,2.0
[1594.41],2,2.0
[1643.41],2,2.0
[1397.26],1,1.0
[3943.83],3,3.0
[4475.65],3,3.0
[533.6],1,1.0
[3347.44],3,3.0
[9746.24],4,4.0
[3085.82],3,3.0
[2294.22],2,2.0
[3806.82],3,3.0
[1679.38],2,2.0
[2504.84],2,2.0
[3178.72],3,3.0
[3885.39],3,3.0
[3490.44],3,3.0
[3067.92],3,3.0
[6953.67],4,4.0
[1499.93],1,1.0
[3957.37],3,3.0
[2868.1],2,2.0
[1308.08],1,1.0
[2258.82],2,2.0
[1238.99],1,1.0
[3510.83],3,3.0
[3191.57],3,3.0
[3228.26],3,3.0
[2197.69],2,2.0
[3644.41],3,3.0
[2420.6],2,2.0
[2499.15],2,2.0
[781.4],1,1.0
[2244.49],2,2.0
[3285.29],3,3.0
[1537.83],2,2.0
[311.27],0,0.0
[2858.34],2,2.0
[2252.55],2,2.0
[2040.23],2,2.0
[3682.29],3,3.0
[979.63],1,1.0
[3839.76],3,3.0
[2971.61],2,2.0
[2645.13],2,2.0
[2854.46],2,2.0
[3937.04],3,3.0
[2063.5],2,2.0
[3731.03],3,3.0
[3753.08],3,3.0
[2292.02],2,2.0
[1269.49],1,1.0
[1636.74],2,2.0
[5274.57],4,4.0
[2344.99],2,2.0
[3482.28],3,3.0
[1688.0],2,2.0
[2905.2],2,2.0
[1042.68],1,1.0
[1805.71],2,2.0
[1360.09],1,1.0
[3649.63],3,3.0
[2747.47],2,2.0
[1553.07],2,2.0
[3958.03],3,3.0
[3844.13],3,3.0
[2021.36],2,2.0
[1111.12],1,1.0
[1737.0],2,2.0
[1501.42],2,2.0
[2435.08],2,2.0
[2540.89],2,2.0
[3058.09],3,3.0
[2494.81],2,2.0
[200.95],0,0.0
[2322.82],2,2.0
[2824.65],2,2.0
[6526.42],4,4.0
[1874.23],2,2.0
[2643.81],2,2.0
[2368.08],2,2.0
[3219.36],3,3.0
[1084.02],1,1.0
[1370.44],1,1.0
[1847.53],2,2.0
[1723.07],2,2.0
[3576.51],3,3.0
[1760.34],2,2.0
[3663.29],3,3.0
[19329.2],4,4.0
[2375.1],2,2.0
[1728.06],2,2.0
[2809.04],2,2.0
[1412.76],1,1.0
[2259.06],2,2.0
[3543.67],3,3.0
[6765.09],4,4.0
[2118.07],2,2.0
[1694.47],2,2.0
[3555.49],3,3.0
[3230.21],3,3.0
[3158.32],3,3.0
[2753.69],2,2.0
[270.03],0,0.0
[2650.17],2,2.0
[2990.09],2,2.0
[2396.87],2,2.0
[3681.77],3,3.0
[2391.79],2,2.0
[1055.99],1,1.0
[1917.54],2,2.0
[3707.63],3,3.0
[1025.9],1,1.0
[3013.81],3,3.0
[1483.18],1,1.0
[745.2],1,1.0
[2433.32],2,2.0
[1573.44],2,2.0
[3975.25],3,3.0
[1793.11],2,2.0
[3562.14],3,3.0
[3991.48],3,3.0
[3130.91],3,3.0
[1822.86],2,2.0
[1409.56],1,1.0
[1996.13],2,2.0
[2767.62],2,2.0
[1327.02],1,1.0
[2590.6],2,2.0
[3501.27],3,3.0
[703.39],1,1.0
[3525.12],3,3.0
[1747.3],2,2.0
[2491.64],2,2.0
[3192.39],3,3.0
[1016.64],1,1.0
[587.99],1,1.0
[563.31],1,1.0
[3733.7],3,3.0
[6154.83],4,4.0
[3199.52],3,3.0
[1158.09],1,1.0
[1170.9],1,1.0
[3660.41],3,3.0
[2277.05],2,2.0
[6004.46],4,4.0
[3376.59],3,3.0
[3905.3],3,3.0
[3951.3],3,3.0
[3550.58],3,3.0
[3644.13],3,3.0
[1809.13],2,2.0
[3261.94],3,3.0
[2326.16],2,2.0
[1768.18],2,2.0
[3041.91],3,3.0
[2325.4],2,2.0
[1777.91],2,2.0
[3508.29],3,3.0
[2388.76],2,2.0
[6767.23],4,4.0
[1918.45],2,2.0
[3486.45],3,3.0
[3387.93],3,3.0
[1522.78],2,2.0
[1443.94],1,1.0
[2322.99],2,2.0
[828.24],1,1.0
[2004.27],2,2.0
[470.13],0,0.0
[5307.43],4,4.0
[1550.26],2,2.0
[11963.76],4,4.0
[2205.2],2,2.0
[2249.04],2,2.0
[1758.9],2,2.0
[621.37],1,1.0
[1193.46],1,1.0
[2456.24],2,2.0
[554.52],1,1.0
[3257.79],3,3.0
[3562.12],3,3.0
[1711.12],2,2.0
[2670.07],2,2.0
[6860.82],4,4.0
[2632.05],2,2.0
[2811.02],2,2.0
[2628.39],2,2.0
[3561.94],3,3.0
[1349.15],1,1.0
[1609.61],2,2.0
[14918.36],4,4.0
[3348.08],3,3.0
[1672.03],2,2.0
[2411.74],2,2.0
[3499.16],3,3.0
[1890.98],2,2.0
[3733.77],3,3.0
[1836.45],2,2.0
[3239.55],3,3.0
[1266.46],1,1.0
[3453.51],3,3.0
[504.28],1,1.0
[2248.04],2,2.0
[2155.54],2,2.0
[1157.75],1,1.0
[771.96],1,1.0
[2970.27],2,2.0
[940.68],1,1.0
[2441.59],2,2.0
[3412.27],3,3.0
[3901.78],3,3.0
[3108.49],3,3.0
[1247.9],1,1.0
[2059.96],2,2.0
[1679.5],2,2.0
[2664.07],2,2.0
[1016.76],1,1.0
[3024.48],3,3.0
[2535.84],2,2.0
[3045.86],3,3.0
[1959.22],2,2.0
[1943.82],2,2.0
[2714.81],2,2.0
[2589.17],2,2.0
[1193.97],1,1.0
[2464.41],2,2.0
[3892.93],3,3.0
[1532.32],2,2.0
[7928.25],4,4.0
[6865.91],4,4.0
[1494.73],1,1.0
[2586.66],2,2.0
[2150.97],2,2.0
[3870.8],3,3.0
[2531.95],2,2.0
[7591.51],4,4.0
[3335.56],3,3.0
[1993.85],2,2.0
[1069.23],1,1.0
[1484.12],1,1.0
[1869.15],2,2.0
[5535.54],4,4.0
[2691.68],2,2.0
[1410.39],1,1.0
[1918.57],2,2.0
[14960.33],4,4.0
[3453.74],3,3.0
[3517.79],3,3.0
[2057.88],2,2.0
[2832.01],2,2.0
[2347.66],2,2.0
[18194.21],4,4.0
[1778.57],2,2.0
[2967.5],2,2.0
[2429.1],2,2.0
[1219.5],1,1.0
[325.59],0,0.0
[2794.74],2,2.0
[568.26],1,1.0
[1649.21],2,2.0
[980.97],1,1.0
[2321.75],2,2.0
