[1955.39],3,3
[1920.75],3,3
[2366.06],3,3
[1781.21],3,3
[2098.8],3,3
[2785.37],3,3
[2007.55],3,3
[1999.42],3,3
[3146.07],4,4
[1168.74],2,2
[1112.79],2,2
[1618.19],3,3
[236.21],1,1
[62.99],1,1
[1149.04],2,2
[1793.89],3,3
[3002.89],4,4
[3635.75],4,4
[2085.88],3,3
[3607.39],4,4
[2017.57],3,3
[1933.58],3,3
[3523.28],4,4
[2862.89],3,3
[13089.98],5,5
[1564.92],3,3
[2013.92],3,3
[3030.55],4,4
[1164.8],2,2
[3552.06],4,4
[1755.69],3,3
[11747.77],5,5
[1621.62],3,3
[1828.51],3,3
[1274.21],2,2
[1762.0],3,3
[1835.36],3,3
[1101.1],2,2
[1137.25],2,2
[5518.33],5,5
[1842.79],3,3
[3456.73],4,4
[3189.75],4,4
[1679.1],3,3
[1866.03],3,3
[3282.68],4,4
[2667.85],3,3
[1793.98],3,3
[3155.8],4,4
[1257.52],2,2
[3988.94],4,4
[538.18],2,2
[5532.17],5,5
[3795.21],4,4
[3317.83],4,4
[997.18],2,2
[6640.19],5,5
[2822.91],3,3
[2322.23],3,3
[2679.73],3,3
[2108.09],3,3
[2839.29],3,3
[2564.85],3,3
[1357.39],2,2
[2363.75],3,3
[1139.93],2,2
[3357.25],4,4
[2537.11],3,3
[1407.1],2,2
[3769.99],4,4
[493.66],1,1
[2083.8],3,3
[3317.13],4,4
[5999.64],5,5
[1122.29],2,2
[2814.33],3,3
[5161.39],5,5
[1550.4],3,3
[584.35],2,2
[2701.16],3,3
[2432.3],3,3
[2950.75],3,3
[1179.93],2,2
[2708.07],3,3
[984.54],2,2
[506.34],2,2
[430.15],1,1
[1999.76],3,3
[2917.79],3,3
[2599.44],3,3
[3034.53],4,4
[2826.85],3,3
[1656.35],3,3
[1668.02],3,3
[3312.02],4,4
[3902.8],4,4
[2681.26],3,3
[331.69],1,1
[2146.15],3,3
[6041.85],5,5
[1243.45],2,2
[2537.81],3,3
[2327.29],3,3
[1229.1],2,2
[297.62],1,1
[2212.38],3,3
[1666.38],3,3
[1775.25],3,3
[615.23],2,2
[2160.17],3,3
[4270.91],4,4
[3518.24],4,4
[3749.84],4,4
[2011.21],3,3
[715.64],2,2
[1896.7],3,3
[1696.83],3,3
[1966.01],3,3
[2568.67],3,3
[1065.98],2,2
[3902.34],4,4
[2231.98],3,3
[3038.26],4,4
[3951.34],4,4
[3881.95],4,4
[3446.8],4,4
[2130.15],3,3
[2402.27],3,3
[1702.24],3,3
[3751.88],4,4
[1987.45],3,3
[3707.23],4,4
[2324.88],3,3
[7702.87],5,5
[935.51],2,2
[2270.52],3,3
[3935.53],4,4
[2600.26],3,3
[3423.91],4,4
[3665.29],4,4
[3990.35],4,4
[2908.03],3,3
[5258.78],5,5
[629.66],2,2
[2479.79],3,3
[1813.7],3,3
[2883.42],3,3
[224.87],1,1
[1810.03],3,3
[142.09],1,1
[5471.8],5,5
[3892.73],4,4
[3230.85],4,4
[3781.23],4,4
[2194.63],3,3
[2011.16],3,3
[3994.73],4,4
[3995.35],4,4
[2874.71],3,3
[3993.35],4,4
[1341.66],2,2
[3493.08],4,4
[1680.23],3,3
[3653.13],4,4
[1792.23],3,3
[3513.35],4,4
[2107.89],3,3
[2190.35],3,3
[582.08],2,2
[6145.07],5,5
[1766.39],3,3
[1941.63],3,3
[6826.93],5,5
[1691.93],3,3
[1894.52],3,3
[2513.32],3,3
[740.06],2,2
[2445.76],3,3
[3501.13],4,4
[3956.66],4,4
[1042.88],2,2
[1867.05],3,3
[1551.12],3,3
[1878.85],3,3
[5522.27],5,5
[14766.12],5,5
[1640.76],3,3
[819.6],2,2
[1324.63],2,2
[3840.49],4,4
[2642.79],3,3
[1710.15],3,3
[2082.01],3,3
[3910.68],4,4
[1883.6],3,3
[1049.6],2,2
[3545.62],4,4
[3345.95],4,4
[3126.04],4,4
[1828.36],3,3
[3046.08],4,4
[3005.07],4,4
[2258.01],3,3
[3453.59],4,4
[3199.74],4,4
[3184.25],4,4
[1254.63],2,2
[1818.07],3,3
[3911.57],4,4
[2291.59],3,3
[1422.19],2,2
[1783.6],3,3
[3454.1],4,4
[1625.42],3,3
[3707.75],4,4
[2102.31],3,3
[2128.49],3,3
[1929.85],3,3
[3838.1],4,4
[654.27],2,2
[2661.64],3,3
[1738.8],3,3
[3616.54],4,4
[2334.12],3,3
[90.2],1,1
[2630.26],3,3
[843.01],2,2
[2870.61],3,3
[3530.48],4,4
[3412.34],4,4
[3514.48],4,4
[2580.18],3,3
[4086.79],4,4
[2926.65],3,3
[1989.75],3,3
[1851.87],3,3
[2615.1],3,3
[3874.66],4,4
[3424.95],4,4
[2699.21],3,3
[3470.68],4,4
[2772.83],3,3
[710.62],2,2
[4025.95],4,4
[1656.05],3,3
[2437.33],3,3
[1010.16],2,2
[809.52],2,2
[4121.87],4,4
[1160.59],2,2
[1637.79],3,3
[2190.43],3,3
[3478.5],4,4
[3657.6],4,4
[3297.28],4,4
[2241.14],3,3
[3918.76],4,4
[1167.52],2,2
[1535.43],3,3
[7466.38],5,5
[1907.05],3,3
[994.75],2,2
[3945.91],4,4
[875.18],2,2
[587.57],2,2
[2650.19],3,3
[3950.56],4,4
[2538.17],3,3
[3783.72],4,4
[3296.21],4,4
[2406.26],3,3
[1931.5],3,3
[6916.42],5,5
[3231.55],4,4
[7675.28],5,5
[3666.35],4,4
[2892.0],3,3
[1396.35],2,2
[2116.39],3,3
[2818.02],3,3
[1180.4],2,2
[2942.37],3,3
[7142.89],5,5
[2010.23],3,3
[2499.96],3,3
[3394.24],4,4
[3970.7],4,4
[3972.54],4,4
[622.62],2,2
[1750.14],3,3
[1880.23],3,3
[1972.97],3,3
[2026.52],3,3
[1076.77],2,2
[7634.67],5,5
[2816.6],3,3
[1685.37],3,3
[3482.19],4,4
[3849.43],4,4
[3696.19],4,4
[1137.72],2,2
[3946.52],4,4
[2532.07],3,3
[926.54],2,2
[2849.32],3,3
[1508.04],3,3
[2912.59],3,3
[3500.57],4,4
[1118.45],2,2
[2985.01],3,3
[2403.2],3,3
[1867.02],3,3
[2274.2],3,3
[1217.0],2,2
[3986.84],4,4
[2690.99],3,3
[1159.6],2,2
[3844.82],4,4
[1971.69],3,3
[2477.4],3,3
[2146.02],3,3
[2777.93],3,3
[3942.14],4,4
[2711.22],3,3
[3757.79],4,4
[2871.88],3,3
[3821.7],4,4
[1201.41],2,2
[2935.97],3,3
[1444.53],2,2
[3287.56],4,4
[1933.64],3,3
[1419.2],2,2
[2293.52],3,3
[3474.53],4,4
[623.63],2,2
[1970.36],3,3
[2554.36],3,3
[3670.56],4,4
[2177.65],3,3
[3766.47],4,4
[1638.8],3,3
[1868.16],3,3
[859.91],2,2
[2912.64],3,3
[6741.19],5,5
[439.32],1,1
[1299.47],2,2
[2426.68],3,3
[3740.74],4,4
[613.03],2,2
[1439.95],2,2
[18717.09],5,5
[1309.93],2,2
[888.23],2,2
[2547.35],3,3
[2663.0],3,3
[3731.98],4,4
[2491.72],3,3
[1045.74],2,2
[2230.66],3,3
[2106.5],3,3
[3009.1],4,4
[2129.79],3,3
[3800.3],4,4
[2417.85],3,3
[2415.26],3,3
[1426.53],2,2
[791.25],2,2
[3319.37],4,4
[3195.98],4,4
[4478.28],4,4
[1228.72],2,2
[2542.05],3,3
[3734.89],4,4
[3283.54],4,4
[1878.48],3,3
[3079.21],4,4
[7808.28],5,5
[1540.53],3,3
[2945.22],3,3
[2950.06],3,3
[18730.24],5,5
[2871.95],3,3
[3731.47],4,4
[3758.86],4,4
[2202.1],3,3
[2487.94],3,3
[3284.41],4,4
[702.42],2,2
[2987.23],3,3
[925.26],2,2
[3304.83],4,4
[966.92],2,2
[612.66],2,2
[609.23],2,2
[1173.34],2,2
[3037.1],4,4
[66.32],1,1
[1300.57],2,2
[5804.66],5,5
[2774.74],3,3
[3205.34],4,4
[3766.3],4,4
[2101.83],3,3
[2506.5],3,3
[1216.43],2,2
[3528.74],4,4
[3330.97],4,4
[2536.37],3,3
[2471.49],3,3
[1209.91],2,2
[2012.78],3,3
[7039.69],5,5
[1847.12],3,3
[3944.48],4,4
[5064.07],5,5
[7293.88],5,5
[1969.88],3,3
[1420.76],2,2
[2833.38],3,3
[2761.7],3,3
[2679.45],3,3
[3048.72],4,4
[7652.38],5,5
[1518.23],3,3
[3136.43],4,4
[3305.08],4,4
[2022.02],3,3
[2516.4],3,3
[6777.43],5,5
[3715.03],4,4
[2464.98],3,3
[2849.02],3,3
[3186.23],4,4
[2042.48],3,3
[2910.91],3,3
[2451.21],3,3
[2139.71],3,3
[3356.58],4,4
[34.09],1,1
[567.08],2,2
[2020.41],3,3
[2403.28],3,3
[1115.62],2,2
[926.19],2,2
[710.71],2,2
[1620.28],3,3
[3457.9],4,4
[2131.27],3,3
[2618.45],3,3
[1824.52],3,3
[2782.02],3,3
[3207.12],4,4
[1336.26],2,2
[2343.36],3,3
[1948.27],3,3
[2921.91],3,3
[3045.65],4,4
[1308.01],2,2
[2294.84],3,3
[2868.28],3,3
[3429.98],4,4
[3533.51],4,4
[868.07],2,2
[954.98],2,2
[3899.65],4,4
[2028.83],3,3
[2128.87],3,3
[1742.51],3,3
[2742.12],3,3
[2613.8],3,3
[1830.28],3,3
[2088.32],3,3
[6064.48],5,5
[945.3],2,2
[1427.64],2,2
[1796.94],3,3
[1870.63],3,3
[3954.44],4,4
[1819.73],3,3
[3271.57],4,4
[1383.4],2,2
[1032.89],2,2
[2626.43],3,3
[2563.56],3,3
[1357.84],2,2
[2195.15],3,3
[2692.98],3,3
[1362.75],2,2
[5673.15],5,5
[2777.13],3,3
[3202.45],4,4
[1354.94],2,2
[2071.24],3,3
[3392.15],4,4
[3949.6],4,4
[125.4],1,1
[1199.07],2,2
[2759.69],3,3
[3262.78],4,4
[1026.11],2,2
[2727.82],3,3
[2366.49],3,3
[3667.77],4,4
[2689.2],3,3
[19031.85],5,5
[936.1],2,2
[3422.62],4,4
[1076.45],2,2
[3775.02],4,4
[3532.44],4,4
[1298.8],2,2
[1681.17],3,3
[2167.16],3,3
[3529.97],4,4
[3936.71],4,4
[16048.03],5,5
[2376.52],3,3
[2357.13],3,3
[3702.92],4,4
[3477.42],4,4
[702.78],2,2
[1631.98],3,3
[1311.63],2,2
[3865.65],4,4
[1532.22],3,3
[1882.22],3,3
[3746.56],4,4
[2681.31],3,3
[3264.45],4,4
[1131.89],2,2
[2633.24],3,3
[1930.98],3,3
[2613.81],3,3
[686.07],2,2
[2911.66],3,3
[2400.24],3,3
[1230.79],2,2
[2279.55],3,3
[674.1],2,2
[1961.99],3,3
[2207.4],3,3
[1460.41],2,2
[1728.7],3,3
[1921.6],3,3
[7272.31],5,5
[3870.61],4,4
[1369.4],2,2
[1290.79],2,2
[1397.62],2,2
[1631.27],3,3
[7731.12],5,5
[2216.21],3,3
[7212.56],5,5
[2102.74],3,3
[14603.24],5,5
[3039.78],4,4
[1265.47],2,2
[1180.3],2,2
[3414.97],4,4
[3256.53],4,4
[4590.37],4,4
[3352.62],4,4
[1168.05],2,2
[523.6],2,2
[1925.62],3,3
[2479.95],3,3
[2868.35],3,3
[3435.5],4,4
[15970.26],5,5
[3254.97],4,4
[1253.05],2,2
[3756.58],4,4
[2445.07],3,3
[1733.1],3,3
[2086.74],3,3
[3177.92],4,4
[1963.38],3,3
[6794.4],5,5
[2302.73],3,3
[2523.15],3,3
[1960.67],3,3
[2506.43],3,3
[2003.8],3,3
[140.35],1,1
[1482.54],2,2
[3666.98],4,4
[3310.64],4,4
[928.37],2,2
[1958.08],3,3
[3522.27],4,4
[1388.55],2,2
[2028.83],3,3
[4684.83],4,4
[1358.2],2,2
[3781.69],4,4
[2145.72],3,3
[2448.42],3,3
[3609.95],4,4
[2558.57],3,3
[1872.81],3,3
[1409.51],2,2
[2330.33],3,3
[1549.04],3,3
[3374.98],4,4
[3999.68],4,4
[1338.24],2,2
[3329.26],4,4
[485.13],1,1
[1850.07],3,3
[2590.41],3,3
[2021.07],3,3
[1500.98],3,3
[3874.77],4,4
[2229.1],3,3
[3474.18],4,4
[2007.99],3,3
[3756.37],4,4
[1877.41],3,3
[3112.75],4,4
[1796.54],3,3
[1435.11],2,2
[2014.39],3,3
[2033.84],3,3
[2700.78],3,3
[2153.93],3,3
[942.1],2,2
[2357.73],3,3
[2331.09],3,3
[3347.47],4,4
[3517.49],4,4
[838.27],2,2
[1489.59],2,2
[2948.57],3,3
[1066.97],2,2
[1193.94],2,2
[1885.65],3,3
[2293.25],3,3
[3194.76],4,4
[3420.17],4,4
[3117.32],4,4
[1202.93],2,2
[987.76],2,2
[2272.08],3,3
[1678.19],3,3
[3724.26],4,4
[2942.56],3,3
[2948.53],3,3
[2879.69],3,3
[1955.79],3,3
[2727.48],3,3
[3237.95],4,4
[2650.92],3,3
[2131.09],3,3
[1904.34],3,3
[2073.53],3,3
[2632.9],3,3
[2689.57],3,3
[7322.93],5,5
[1995.2],3,3
[3818.52],4,4
[1035.66],2,2
[510.27],2,2
[2102.04],3,3
[2780.84],3,3
[1688.64],3,3
[2435.62],3,3
[2175.97],3,3
[323.21],1,1
[2497.81],3,3
[3325.71],4,4
[6715.32],5,5
[1583.03],3,3
[5312.38],5,5
[1957.15],3,3
[1307.38],2,2
[3855.44],4,4
[3814.85],4,4
[3152.05],4,4
[1732.44],3,3
[4558.57],4,4
[3297.52],4,4
[3895.8],4,4
[2296.09],3,3
[1859.84],3,3
[153.77],1,1
[2852.0],3,3
[747.99],2,2
[983.21],2,2
[3156.29],4,4
[4693.82],4,4
[2669.17],3,3
[3857.3],4,4
[3142.16],4,4
[971.65],2,2
[3716.63],4,4
[3439.98],4,4
[2010.26],3,3
[1410.48],2,2
[1899.21],3,3
[3848.29],4,4
[1006.17],2,2
[2563.92],3,3
[47.51],1,1
[3520.48],4,4
[2589.35],3,3
[1577.04],3,3
[2505.68],3,3
[1434.68],2,2
[3264.39],4,4
[2280.54],3,3
[5563.17],5,5
[2680.94],3,3
[3500.7],4,4
[3925.41],4,4
[2624.26],3,3
[3664.24],4,4
[1087.87],2,2
[3487.86],4,4
[2958.31],3,3
[3843.9],4,4
[13801.42],5,5
[1544.91],3,3
[2763.23],3,3
[1081.82],2,2
[2072.57],3,3
[5388.45],5,5
[1578.77],3,3
[2444.63],3,3
[15791.98],5,5
[1353.38],2,2
[2564.42],3,3
[2350.89],3,3
[3832.74],4,4
[3938.19],4,4
[3449.64],4,4
[2490.28],3,3
[3475.47],4,4
[4788.7],4,4
[2578.96],3,3
[3663.93],4,4
[1779.19],3,3
[3469.54],4,4
[1254.57],2,2
[3773.36],4,4
[3259.75],4,4
[974.83],2,2
[1206.11],2,2
[2525.16],3,3
[3897.98],4,4
[1684.47],3,3
[3657.07],4,4
[1991.97],3,3
[2379.24],3,3
[2607.96],3,3
[1862.19],3,3
[2467.24],3,3
[2584.69],3,3
[2413.43],3,3
[7697.05],5,5
[22.47],1,1
[3434.51],4,4
[1361.72],2,2
[2231.72],3,3
[5420.78],5,5
[3304.7],4,4
[8121.22],5,5
[1058.89],2,2
[1297.74],2,2
[2202.87],3,3
[5341.28],5,5
[1971.73],3,3
[1608.31],3,3
[1922.96],3,3
[3470.15],4,4
[3532.57],4,4
[1405.04],2,2
[2748.44],3,3
[3632.65],4,4
[3970.63],4,4
[1854.67],3,3
[3048.97],4,4
[514.33],2,2
[1284.69],2,2
[1000.84],2,2
[3157.21],4,4
[1324.98],2,2
[2759.01],3,3
[2191.71],3,3
[3341.06],4,4
[1269.63],2,2
[3672.14],4,4
[2556.28],3,3
[3464.52],4,4
[1489.29],2,2
[1429.6],2,2
[1186.71],2,2
[2074.63],3,3
[3106.89],4,4
[1140.29],2,2
[3312.05],4,4
[3450.16],4,4
[1493.43],2,2
[911.6],2,2
[14239.81],5,5
[2810.35],3,3
[3768.5],4,4
[1825.9],3,3
[2531.36],3,3
[2087.39],3,3
[1330.95],2,2
[1021.39],2,2
[7801.55],5,5
[3866.83],4,4
[1916.57],3,3
[888.85],2,2
[1727.38],3,3
[3956.35],4,4
[1304.16],2,2
[1632.29],3,3
[1404.09],2,2
[3136.37],4,4
[1626.83],3,3
[2098.71],3,3
[2222.65],3,3
[3863.85],4,4
[5898.42],5,5
[1087.62],2,2
[1821.9],3,3
[7994.07],5,5
[5903.07],5,5
[663.86],2,2
[1155.52],2,2
[1415.02],2,2
[2710.33],3,3
[2458.38],3,3
[2067.91],3,3
[3353.12],4,4
[1545.13],3,3
[3195.86],4,4
[3245.73],4,4
[3688.23],4,4
[1803.22],3,3
[2381.08],3,3
[3404.37],4,4
[944.5],2,2
[583.11],2,2
[1170.88],2,2
[3345.02],4,4
[3490.4],4,4
[1893.16],3,3
[3299.97],4,4
[2108.78],3,3
[2249.84],3,3
[3189.04],4,4
[2835.63],3,3
[3980.29],4,4
[2674.07],3,3
[2932.83],3,3
[1469.93],2,2
[1452.47],2,2
[2267.16],3,3
[3470.72],4,4
[6105.87],5,5
[1075.81],2,2
[2362.15],3,3
[1257.31],2,2
[3242.58],4,4
[3076.46],4,4
[3595.81],4,4
[3459.48],4,4
[3165.39],4,4
[15.42],1,1
[2367.96],3,3
[3854.41],4,4
[1231.17],2,2
[510.82],2,2
[2902.88],3,3
[1468.05],2,2
[2116.12],3,3
[1853.6],3,3
[1497.38],2,2
[565.25],2,2
[2895.98],3,3
[2411.53],3,3
[2629.56],3,3
[3801.03],4,4
[2529.05],3,3
[6376.42],5,5
[3613.72],4,4
[3934.01],4,4
[1057.15],2,2
[1458.57],2,2
[1062.43],2,2
[3003.02],4,4
[1528.51],3,3
[1279.17],2,2
[1609.37],3,3
[2465.5],3,3
[2546.5],3,3
[1312.19],2,2
[1326.62],2,2
[1670.27],3,3
[849.02],2,2
[3146.21],4,4
[1775.52],3,3
[3999.38],4,4
[1082.94],2,2
[3420.13],4,4
[2267.7],3,3
[2243.94],3,3
[3799.73],4,4
[2629.69],3,3
[1001.28],2,2
[2343.88],3,3
[3354.51],4,4
[2294.96],3,3
[2356.94],3,3
[2617.07],3,3
[1718.96],3,3
[2449.6],3,3
[646.51],2,2
[776.72],2,2
[237.77],1,1
[2911.22],3,3
[3378.42],4,4
[1895.11],3,3
[3069.14],4,4
[3508.64],4,4
[1025.31],2,2
[3365.52],4,4
[3499.27],4,4
[3907.26],4,4
[2525.82],3,3
[2836.85],3,3
[2727.84],3,3
[1107.76],2,2
[3687.13],4,4
[3635.07],4,4
[3672.78],4,4
[810.72],2,2
[1037.26],2,2
[1818.37],3,3
[2530.77],3,3
[3344.7],4,4
[3293.13],4,4
[3396.76],4,4
[957.04],2,2
[6370.3],5,5
[1313.5],2,2
[3861.77],4,4
[7904.9],5,5
[3280.65],4,4
[2658.88],3,3
[2251.7],3,3
[1806.53],3,3
[537.45],2,2
[3237.4],4,4
[2934.4],3,3
[1351.19],2,2
[6435.66],5,5
[2688.18],3,3
[2416.42],3,3
[1393.61],2,2
[2818.37],3,3
[460.25],1,1
[9392.35],5,5
[3801.4],4,4
[3389.78],4,4
[2965.49],3,3
[10282.68],5,5
[10787.66],5,5
[1935.1],3,3
[2553.45],3,3
[1949.03],3,3
[3708.91],4,4
[2664.0],3,3
[3097.07],4,4
[2930.55],3,3
[2455.0],3,3
[1191.47],2,2
[2489.78],3,3
[3063.09],4,4
[2724.31],3,3
[1292.93],2,2
[2858.42],3,3
[2529.47],3,3
[3279.16],4,4
[1844.59],3,3
[2154.34],3,3
[2635.0],3,3
[1565.27],3,3
[2478.85],3,3
[2550.81],3,3
[2155.62],3,3
[1937.18],3,3
[3649.42],4,4
[3914.81],4,4
[1110.78],2,2
[3725.63],4,4
[3617.24],4,4
[4197.97],4,4
[1686.31],3,3
[3062.93],4,4
[2275.21],3,3
[2414.98],3,3
[3901.93],4,4
[1675.16],3,3
[1094.57],2,2
[2791.42],3,3
[1342.27],2,2
[2296.6],3,3
[649.65],2,2
[3702.66],4,4
[486.86],1,1
[2840.77],3,3
[1709.99],3,3
[3110.21],4,4
[3216.78],4,4
[3285.56],4,4
[1058.43],2,2
[714.13],2,2
[803.44],2,2
[1323.62],2,2
[2822.74],3,3
[1506.2],3,3
[7921.96],5,5
[3408.73],4,4
[1459.53],2,2
[3544.78],4,4
[2299.13],3,3
[1068.01],2,2
[1312.67],2,2
[2265.8],3,3
[2932.45],3,3
[435.14],1,1
[2062.12],3,3
[1437.21],2,2
[3177.91],4,4
[3469.07],4,4
[3941.03],4,4
[1583.08],3,3
[1798.61],3,3
[2876.15],3,3
[963.33],2,2
[1333.72],2,2
[554.22],2,2
[3393.39],4,4
[2022.01],3,3
[3673.95],4,4
[1435.52],2,2
[3386.86],4,4
[2393.07],3,3
[2021.7],3,3
[1081.06],2,2
[1399.99],2,2
[1427.46],2,2
[1230.64],2,2
[2818.87],3,3
[2204.4],3,3
[2280.84],3,3
[3529.04],4,4
[2869.58],3,3
[631.19],2,2
[2086.27],3,3
[1354.3],2,2
[1016.0],2,2
[2549.76],3,3
[2626.92],3,3
[2412.64],3,3
[1273.74],2,2
[3740.22],4,4
[2449.43],3,3
[3197.42],4,4
[2696.83],3,3
[612.5],2,2
[3010.62],4,4
[1901.21],3,3
[822.03],2,2
[1010.0],2,2
[3658.47],4,4
[2713.5],3,3
[2682.53],3,3
[1037.96],2,2
[1578.13],3,3
[2236.16],3,3
[2867.77],3,3
[1341.96],2,2
[656.36],2,2
[1433.39],2,2
[1911.37],3,3
[1783.67],3,3
[1897.41],3,3
[6154.24],5,5
[3015.49],4,4
[7026.72],5,5
[7372.27],5,5
[2646.38],3,3
[2642.81],3,3
[1112.77],2,2
[2216.18],3,3
[3349.63],4,4
[3155.36],4,4
[9139.62],5,5
[2448.62],3,3
[1399.67],2,2
[1592.13],3,3
[3223.4],4,4
[2260.82],3,3
[3065.49],4,4
[9206.54],5,5
[2572.53],3,3
[1338.26],2,2
[2297.85],3,3
[982.94],2,2
[1552.74],3,3
[3294.34],4,4
[2799.88],3,3
[2241.81],3,3
[1794.89],3,3
[5488.63],5,5
[2407.37],3,3
[3029.34],4,4
[1173.44],2,2
[3596.29],4,4
[166.89],1,1
[3898.47],4,4
[1023.18],2,2
[3683.2],4,4
[2799.14],3,3
[964.97],2,2
[1263.66],2,2
[1182.09],2,2
[3701.69],4,4
[4963.42],4,4
[5978.87],5,5
[3369.37],4,4
[1463.96],2,2
[3504.44],4,4
[1933.0],3,3
[3328.77],4,4
[2070.36],3,3
[1243.07],2,2
[7816.02],5,5
[3000.51],4,4
[1144.42],2,2
[3663.09],4,4
[2234.33],3,3
[3502.48],4,4
[2796.63],3,3
[2691.44],3,3
[1419.5],2,2
[859.95],2,2
[3654.75],4,4
[1230.91],2,2
[2708.13],3,3
[1439.65],2,2
[2350.98],3,3
[1076.59],2,2
[1306.84],2,2
[3857.13],4,4
[2117.58],3,3
[1427.05],2,2
[3659.82],4,4
[2241.32],3,3
[1807.48],3,3
[2064.99],3,3
[1931.78],3,3
[1874.79],3,3
[5180.6],5,5
[2658.92],3,3
[3973.96],4,4
[1124.96],2,2
[1987.19],3,3
[1211.76],2,2
[1414.16],2,2
[1230.96],2,2
[2146.09],3,3
[1488.96],2,2
[665.62],2,2
[1193.28],2,2
[1508.26],3,3
[1243.75],2,2
[6894.7],5,5
[903.59],2,2
[3963.31],4,4
[2702.22],3,3
[2658.25],3,3
[3980.52],4,4
[2606.15],3,3
[4676.71],4,4
[244.88],1,1
[3943.5],4,4
[3092.9],4,4
[1206.5],2,2
[2168.69],3,3
[3170.48],4,4
[3385.47],4,4
[3741.72],4,4
[3419.14],4,4
[3163.4],4,4
[1877.21],3,3
[1070.34],2,2
[2503.93],3,3
[2370.63],3,3
[2307.48],3,3
[720.53],2,2
[7987.34],5,5
[3644.38],4,4
[1740.93],3,3
[2768.82],3,3
[1715.28],3,3
[1407.73],2,2
[2228.82],3,3
[1958.95],3,3
[2728.86],3,3
[2785.61],3,3
[1874.5],3,3
[3722.64],4,4
[3868.38],4,4
[4294.51],4,4
[564.04],2,2
[4772.17],4,4
[2710.11],3,3
[1808.74],3,3
[2184.62],3,3
[2673.7],3,3
[3690.54],4,4
[1005.68],2,2
[595.63],2,2
[2546.61],3,3
[1133.04],2,2
[3820.2],4,4
[3254.34],4,4
[3247.42],4,4
[2196.7],3,3
[284.24],1,1
[317.23],1,1
[3111.7],4,4
[2986.65],3,3
[2315.13],3,3
[2329.06],3,3
[1529.64],3,3
[3522.72],4,4
[1797.37],3,3
[781.25],2,2
[2526.43],3,3
[1286.48],2,2
[5718.43],5,5
[2134.78],3,3
[2471.26],3,3
[2884.37],3,3
[1831.18],3,3
[826.8],2,2
[3278.03],4,4
[2101.65],3,3
[3355.43],4,4
[2404.98],3,3
[2714.44],3,3
[1498.47],2,2
[1293.46],2,2
[1044.08],2,2
[2854.11],3,3
[1651.11],3,3
[2529.97],3,3
[2672.83],3,3
[3070.26],4,4
[2735.01],3,3
[1473.34],2,2
[1719.08],3,3
[2533.0],3,3
[2088.05],3,3
[2912.63],3,3
[1886.04],3,3
[1530.07],3,3
[3659.95],4,4
[2995.68],3,3
[1245.6],2,2
[3507.89],4,4
[1537.57],3,3
[2186.4],3,3
[3818.77],4,4
[1067.14],2,2
[1400.89],2,2
[2948.53],3,3
[3266.03],4,4
[2660.57],3,3
[12837.26],5,5
[2282.73],3,3
[1605.05],3,3
[2201.91],3,3
[3429.72],4,4
[2823.83],3,3
[758.54],2,2
[2090.76],3,3
[2208.7],3,3
[1271.64],2,2
[2196.21],3,3
[1741.55],3,3
[3992.33],4,4
[3926.84],4,4
[1325.82],2,2
[3303.23],4,4
[1116.11],2,2
[1291.69],2,2
[2605.42],3,3
[3568.88],4,4
[2959.24],3,3
[6266.97],5,5
[3054.03],4,4
[3550.25],4,4
[2519.29],3,3
[3088.35],4,4
[1183.25],2,2
[2029.45],3,3
[2373.94],3,3
[1011.75],2,2
[6959.17],5,5
[2359.38],3,3
[2737.16],3,3
[2291.8],3,3
[3772.76],4,4
[1891.6],3,3
[580.06],2,2
[1691.33],3,3
[3571.39],4,4
[2352.38],3,3
[2562.46],3,3
[3367.51],4,4
[2424.02],3,3
[3841.71],4,4
[424.45],1,1
[2284.22],3,3
[1402.39],2,2
[2333.76],3,3
[3873.84],4,4
[1258.4],2,2
[2141.83],3,3
[2078.99],3,3
[638.43],2,2
[7116.58],5,5
[1253.21],2,2
[3282.43],4,4
[3666.5],4,4
[72.32],1,1
[2866.25],3,3
[3612.61],4,4
[2267.62],3,3
[2079.28],3,3
[309.93],1,1
[1319.55],2,2
[1605.5],3,3
[2788.84],3,3
[1462.46],2,2
[2328.94],3,3
[1257.9],2,2
[3205.91],4,4
[2651.17],3,3
[3415.44],4,4
[3127.12],4,4
[1061.96],2,2
[15156.22],5,5
[3033.98],4,4
[3214.52],4,4
[1707.33],3,3
[3929.54],4,4
[2573.36],3,3
[3324.3],4,4
[3051.12],4,4
[7291.79],5,5
[845.7],2,2
[1920.22],3,3
[3433.79],4,4
[2912.42],3,3
[2216.64],3,3
[1085.11],2,2
[2559.1],3,3
[2494.19],3,3
[4261.92],4,4
[2074.45],3,3
[7369.96],5,5
[4316.99],4,4
[2165.84],3,3
[1641.98],3,3
[1458.24],2,2
[1747.93],3,3
[3357.85],4,4
[3045.49],4,4
[1665.15],3,3
[3181.75],4,4
[6838.07],5,5
[4253.77],4,4
[1738.22],3,3
[1842.28],3,3
[1071.72],2,2
[2125.02],3,3
[2312.04],3,3
[2716.45],3,3
[2835.09],3,3
[775.12],2,2
[3215.12],4,4
[513.75],2,2
[1346.06],2,2
[1357.94],2,2
[6974.74],5,5
[3219.63],4,4
[1090.53],2,2
[5459.31],5,5
[2733.35],3,3
[1868.36],3,3
[2728.62],3,3
[3043.35],4,4
[743.88],2,2
[252.33],1,1
[2157.41],3,3
[2290.15],3,3
[2642.65],3,3
[3823.2],4,4
[858.44],2,2
[311.05],1,1
[2770.4],3,3
[1739.02],3,3
[7403.92],5,5
[2633.85],3,3
[1854.65],3,3
[5662.36],5,5
[3176.12],4,4
[665.16],2,2
[3252.14],4,4
[2328.25],3,3
[1634.34],3,3
[3464.38],4,4
[1842.27],3,3
[1159.19],2,2
[639.83],2,2
[3223.2],4,4
[3135.91],4,4
[3652.19],4,4
[908.26],2,2
[3607.99],4,4
[1769.77],3,3
[3885.57],4,4
[3151.14],4,4
[3528.25],4,4
[2227.21],3,3
[744.05],2,2
[1878.67],3,3
[1964.66],3,3
[7784.44],5,5
[2856.68],3,3
[3844.07],4,4
[1535.97],3,3
[2447.54],3,3
[2066.29],3,3
[2567.93],3,3
[3054.64],4,4
[817.74],2,2
[3047.57],4,4
[3777.06],4,4
[3082.6],4,4
[2735.09],3,3
[163.47],1,1
[2865.82],3,3
[3602.65],4,4
[2348.16],3,3
[3812.77],4,4
[1739.81],3,3
[1974.45],3,3
[1947.19],3,3
[1622.23],3,3
[3774.67],4,4
[3944.87],4,4
[3829.49],4,4
[2294.77],3,3
[2391.86],3,3
[2345.08],3,3
[437.54],1,1
[3266.09],4,4
[1729.73],3,3
[2070.59],3,3
[2964.26],3,3
[1889.58],3,3
[1662.65],3,3
[3299.32],4,4
[3160.37],4,4
[1758.18],3,3
[1401.19],2,2
[3075.71],4,4
[2559.33],3,3
[1393.81],2,2
[3893.22],4,4
[2235.21],3,3
[9482.85],5,5
[7493.87],5,5
[1031.2],2,2
[1809.78],3,3
[1505.38],3,3
[3637.83],4,4
[1115.13],2,2
[2997.98],3,3
[3706.27],4,4
[2185.7],3,3
[6883.2],5,5
[3760.98],4,4
[1184.06],2,2
[3610.99],4,4
[714.76],2,2
[2455.27],3,3
[2580.72],3,3
[1423.7],2,2
[2489.23],3,3
[1143.26],2,2
[3921.19],4,4
[921.57],2,2
[1143.69],2,2
[2095.8],3,3
[2766.15],3,3
[3256.7],4,4
[3835.9],4,4
[2519.96],3,3
[2298.32],3,3
[3932.45],4,4
[7201.27],5,5
[1882.79],3,3
[3099.91],4,4
[1316.44],2,2
[3967.65],4,4
[3696.35],4,4
[1756.19],3,3
[1653.1],3,3
[3932.59],4,4
[5741.7],5,5
[3393.58],4,4
[2743.18],3,3
[2675.75],3,3
[2875.56],3,3
[3342.27],4,4
[3363.69],4,4
[2855.32],3,3
[1475.11],2,2
[2237.4],3,3
[1401.54],2,2
[3421.22],4,4
[1863.66],3,3
[1596.78],3,3
[1636.67],3,3
[3240.77],4,4
[3201.45],4,4
[1919.86],3,3
[2640.87],3,3
[1994.37],3,3
[3855.48],4,4
[3885.41],4,4
[1343.71],2,2
[2176.09],3,3
[2405.6],3,3
[3847.32],4,4
[1127.53],2,2
[2831.58],3,3
[5546.56],5,5
[1241.36],2,2
[2537.47],3,3
[1502.5],3,3
[2226.4],3,3
[2105.62],3,3
[2898.44],3,3
[3969.81],4,4
[3762.31],4,4
[3788.37],4,4
[2998.32],3,3
[3290.99],4,4
[525.91],2,2
[3038.59],4,4
[3435.94],4,4
[2031.51],3,3
[3455.21],4,4
[1340.42],2,2
[3601.9],4,4
[814.79],2,2
[2600.64],3,3
[7076.23],5,5
[3640.59],4,4
[1737.88],3,3
[3044.82],4,4
[3806.35],4,4
[2643.89],3,3
[3901.89],4,4
[1129.85],2,2
[1715.41],3,3
[2640.73],3,3
[2038.78],3,3
[2777.25],3,3
[704.45],2,2
[3795.78],4,4
[3662.27],4,4
[3621.63],4,4
[2435.54],3,3
[2344.98],3,3
[1425.39],2,2
[6229.85],5,5
[3957.94],4,4
[1708.36],3,3
[2428.82],3,3
[889.24],2,2
[3100.12],4,4
[3345.71],4,4
[18396.33],5,5
[3725.27],4,4
[16918.03],5,5
[2566.97],3,3
[1049.33],2,2
[3870.92],4,4
[1864.65],3,3
[1911.95],3,3
[3032.7],4,4
[894.34],2,2
[3453.58],4,4
[3334.2],4,4
[2961.71],3,3
[2459.31],3,3
[1139.13],2,2
[425.9],1,1
[3186.82],4,4
[1509.45],3,3
[1177.32],2,2
[2892.99],3,3
[3375.89],4,4
[1039.71],2,2
[1284.28],2,2
[3285.28],4,4
[2071.76],3,3
[2576.77],3,3
[2889.75],3,3
[4605.1],4,4
[3754.96],4,4
[1906.12],3,3
[1614.04],3,3
[2468.16],3,3
[1444.58],2,2
[1160.54],2,2
[4068.12],4,4
[2698.78],3,3
[1116.45],2,2
[3175.28],4,4
[2962.63],3,3
[3086.03],4,4
[3398.04],4,4
[801.88],2,2
[1648.51],3,3
[7890.25],5,5
[2640.15],3,3
[3412.43],4,4
[1537.3],3,3
[1614.36],3,3
[612.78],2,2
[1156.57],2,2
[4746.01],4,4
[1525.99],3,3
[2171.53],3,3
[6213.02],5,5
[3974.36],4,4
[2853.99],3,3
[2052.66],3,3
[3209.59],4,4
[1024.55],2,2
[2588.74],3,3
[2399.44],3,3
[1782.4],3,3
[2226.35],3,3
[1928.76],3,3
[3295.02],4,4
[1409.58],2,2
[764.86],2,2
[702.27],2,2
[14540.25],5,5
[1004.59],2,2
[1716.01],3,3
[2118.23],3,3
[2202.72],3,3
[3713.34],4,4
[2279.5],3,3
[3965.91],4,4
[593.53],2,2
[1852.84],3,3
[733.81],2,2
[2363.31],3,3
[3852.96],4,4
[3310.14],4,4
[3078.71],4,4
[2981.9],3,3
[3487.98],4,4
[3866.29],4,4
[538.22],2,2
[2183.5],3,3
[3247.89],4,4
[3185.69],4,4
[1160.18],2,2
[2317.83],3,3
[3339.08],4,4
[1001.17],2,2
[2972.71],3,3
[2065.48],3,3
[1182.85],2,2
[1785.66],3,3
[2971.46],3,3
[3872.44],4,4
[4852.7],4,4
[3751.06],4,4
[1777.37],3,3
[3702.46],4,4
[1688.36],3,3
[3833.06],4,4
[18252.69],5,5
[3841.85],4,4
[6559.16],5,5
[1385.61],2,2
[1053.23],2,2
[3594.18],4,4
[2025.83],3,3
[2413.38],3,3
[5649.05],5,5
[2427.82],3,3
[3244.72],4,4
[3974.07],4,4
[2773.15],3,3
[1601.49],3,3
[3822.71],4,4
[1289.24],2,2
[2705.09],3,3
[13648.16],5,5
[1255.17],2,2
[7213.84],5,5
[2450.77],3,3
[1939.45],3,3
[6683.74],5,5
[2076.28],3,3
[89.97],1,1
[6176.4],5,5
[2072.06],3,3
[16605.58],5,5
[6949.3],5,5
[3886.08],4,4
[3593.5],4,4
[2210.72],3,3
[2153.92],3,3
[3257.61],4,4
[2278.95],3,3
[911.72],2,2
[2707.84],3,3
[2719.97],3,3
[1954.78],3,3
[1811.89],3,3
[1203.75],2,2
[1459.17],2,2
[1355.98],2,2
[1712.76],3,3
[6456.63],5,5
[2351.97],3,3
[1411.14],2,2
[3548.88],4,4
[2921.72],3,3
[3184.05],4,4
[2214.08],3,3
[2680.79],3,3
[5146.18],5,5
[3110.17],4,4
[1564.56],3,3
[3586.59],4,4
[20.81],1,1
[2618.77],3,3
[2502.52],3,3
[1805.17],3,3
[1944.97],3,3
[1207.23],2,2
[3234.75],4,4
[508.38],2,2
[1245.7],2,2
[1385.69],2,2
[3267.03],4,4
[1313.24],2,2
[6507.03],5,5
[2440.88],3,3
[1806.89],3,3
[3793.09],4,4
[2430.78],3,3
[1308.99],2,2
[2384.28],3,3
[3357.99],4,4
[2122.96],3,3
[1470.49],2,2
[2844.56],3,3
[6754.55],5,5
[2485.0],3,3
[3023.16],4,4
[1684.22],3,3
[2160.25],3,3
[2638.29],3,3
[1580.71],3,3
[1151.88],2,2
[2098.92],3,3
[3894.66],4,4
[1474.94],2,2
[788.34],2,2
[5972.8],5,5
[1856.93],3,3
[1157.17],2,2
[3257.16],4,4
[3971.64],4,4
[2995.0],3,3
[3176.15],4,4
[2972.33],3,3
[917.48],2,2
[518.29],2,2
[3519.96],4,4
[5809.92],5,5
[2836.48],3,3
[1675.9],3,3
[1537.64],3,3
[2807.79],3,3
[1229.84],2,2
[1904.7],3,3
[1434.42],2,2
[2944.95],3,3
[2520.36],3,3
[2423.21],3,3
[3107.39],4,4
[1341.57],2,2
[2711.34],3,3
[3862.23],4,4
[2088.46],3,3
[3175.93],4,4
[13047.71],5,5
[3907.32],4,4
[873.14],2,2
[18783.41],5,5
[1454.76],2,2
[2344.72],3,3
[2131.92],3,3
[2376.63],3,3
[5553.54],5,5
[573.61],2,2
[1937.2],3,3
[3903.28],4,4
[3769.55],4,4
[3502.96],4,4
[510.05],2,2
[4452.38],4,4
[5730.67],5,5
[3746.29],4,4
[2055.24],3,3
[3372.07],4,4
[2934.85],3,3
[1912.24],3,3
[5420.5],5,5
[1872.98],3,3
[5969.66],5,5
[3612.92],4,4
[1966.45],3,3
[2755.66],3,3
[2591.22],3,3
[3470.13],4,4
[2917.47],3,3
[2991.94],3,3
[1703.43],3,3
[1253.56],2,2
[1857.37],3,3
[2084.9],3,3
[1895.84],3,3
[799.07],2,2
[1062.85],2,2
[2350.86],3,3
[2462.98],3,3
[3446.54],4,4
[1739.11],3,3
[2254.33],3,3
[2346.0],3,3
[3957.57],4,4
[1582.34],3,3
[3752.2],4,4
[4906.41],4,4
[1140.43],2,2
[3491.72],4,4
[3490.03],4,4
[1333.02],2,2
[3083.72],4,4
[928.7],2,2
[1969.66],3,3
[2636.39],3,3
[2443.8],3,3
[634.18],2,2
[1011.08],2,2
[2442.75],3,3
[3663.6],4,4
[1835.15],3,3
[1007.15],2,2
[3381.17],4,4
[1502.52],3,3
[2989.22],3,3
[3389.15],4,4
[2461.45],3,3
[1600.32],3,3
[879.36],2,2
[3656.89],4,4
[784.58],2,2
[3496.47],4,4
[3404.93],4,4
[1774.94],3,3
[1824.8],3,3
[3721.25],4,4
[588.54],2,2
[2372.95],3,3
[3496.14],4,4
[1088.46],2,2
[1049.51],2,2
[3154.7],4,4
[1899.27],3,3
[2667.47],3,3
[7820.98],5,5
[3251.09],4,4
[3402.92],4,4
[3774.96],4,4
[4167.82],4,4
[18594.66],5,5
[3015.66],4,4
[6473.76],5,5
[2850.59],3,3
[1689.62],3,3
[2752.39],3,3
[3743.43],4,4
[1554.5],3,3
[2569.56],3,3
[1619.99],3,3
[2741.94],3,3
[4170.93],4,4
[3452.66],4,4
[2053.26],3,3
[3585.89],4,4
[3455.96],4,4
[2330.11],3,3
[731.47],2,2
[2981.74],3,3
[5813.62],5,5
[1106.79],2,2
[3124.96],4,4
[3977.53],4,4
[3589.22],4,4
[2759.08],3,3
[1403.27],2,2
[3899.25],4,4
[435.89],1,1
[3429.11],4,4
[821.5],2,2
[3152.13],4,4
[513.1],2,2
[7775.3],5,5
[2508.8],3,3
[1187.08],2,2
[3800.17],4,4
[3817.89],4,4
[2025.34],3,3
[3393.47],4,4
[1322.47],2,2
[760.01],2,2
[1413.17],2,2
[1861.54],3,3
[3598.23],4,4
[2024.25],3,3
[6869.36],5,5
[3172.16],4,4
[3137.58],4,4
[1150.9],2,2
[3854.47],4,4
[2367.09],3,3
[1227.7],2,2
[1067.92],2,2
[1350.49],2,2
[3026.4],4,4
[1449.99],2,2
[1006.93],2,2
[1301.76],2,2
[3777.82],4,4
[3163.77],4,4
[3476.11],4,4
[2343.34],3,3
[2405.76],3,3
[1233.46],2,2
[2526.92],3,3
[3374.78],4,4
[6645.5],5,5
[3910.68],4,4
[1844.97],3,3
[1024.4],2,2
[473.32],1,1
[4847.68],4,4
[2473.95],3,3
[2770.29],3,3
[590.99],2,2
[2981.66],3,3
[665.24],2,2
[1210.77],2,2
[9314.78],5,5
[3229.06],4,4
[3093.09],4,4
[2654.03],3,3
[1062.89],2,2
[2143.12],3,3
[6912.92],5,5
[10187.08],5,5
[65.62],1,1
[1238.59],2,2
[2248.88],3,3
[2812.93],3,3
[2344.07],3,3
[3264.16],4,4
[1447.69],2,2
[1638.8],3,3
[2104.7],3,3
[2238.94],3,3
[2923.62],3,3
[1352.31],2,2
[1930.68],3,3
[2458.73],3,3
[7271.17],5,5
[3152.45],4,4
[1386.95],2,2
[3139.65],4,4
[1693.63],3,3
[3372.11],4,4
[741.31],2,2
[1185.29],2,2
[3087.1],4,4
[2859.17],3,3
[3967.07],4,4
[2647.0],3,3
[3262.8],4,4
[7473.31],5,5
[2933.0],3,3
[1073.96],2,2
[1889.07],3,3
[1356.05],2,2
[1564.66],3,3
[19981.95],5,5
[3153.2],4,4
[2612.88],3,3
[3438.88],4,4
[1913.68],3,3
[1910.63],3,3
[2377.56],3,3
[2824.25],3,3
[19509.3],5,5
[3943.8],4,4
[19112.03],5,5
[2736.25],3,3
[1037.66],2,2
[12506.39],5,5
[3784.84],4,4
[1452.42],2,2
[3458.71],4,4
[2779.03],3,3
[1861.81],3,3
[3376.7],4,4
[1460.28],2,2
[3078.18],4,4
[1384.98],2,2
[2329.91],3,3
[2683.94],3,3
[500.46],2,2
[2105.67],3,3
[2190.02],3,3
[3104.31],4,4
[1338.24],2,2
[1514.77],3,3
[3402.65],4,4
[1311.23],2,2
[2061.08],3,3
[3169.24],4,4
[3647.65],4,4
[1902.26],3,3
[744.72],2,2
[512.31],2,2
[2732.14],3,3
[3171.07],4,4
[5037.11],5,5
[3419.33],4,4
[3909.88],4,4
[1196.96],2,2
[2116.37],3,3
[2529.69],3,3
[1588.45],3,3
[2366.61],3,3
[788.76],2,2
[3123.32],4,4
[1859.78],3,3
[2780.47],3,3
[1503.88],3,3
[1245.14],2,2
[3839.44],4,4
[3294.71],4,4
[2884.31],3,3
[2563.94],3,3
[1426.69],2,2
[1269.46],2,2
[1197.74],2,2
[2146.49],3,3
[1582.48],3,3
[3382.58],4,4
[2787.25],3,3
[2750.8],3,3
[382.21],1,1
[2358.49],3,3
[2446.41],3,3
[2333.13],3,3
[3912.66],4,4
[1258.36],2,2
[3347.34],4,4
[3416.77],4,4
[3817.86],4,4
[7886.56],5,5
[1279.98],2,2
[2030.62],3,3
[2017.47],3,3
[1423.97],2,2
[2747.37],3,3
[1415.6],2,2
[1335.25],2,2
[1246.35],2,2
[2927.03],3,3
[945.33],2,2
[2882.15],3,3
[1664.04],3,3
[1598.23],3,3
[2817.41],3,3
[1884.85],3,3
[3990.92],4,4
[6857.44],5,5
[1918.56],3,3
[2017.84],3,3
[2067.07],3,3
[1855.27],3,3
[1523.69],3,3
[3989.78],4,4
[3577.61],4,4
[2543.74],3,3
[1742.6],3,3
[1002.96],2,2
[2207.27],3,3
[2244.38],3,3
[3931.45],4,4
[3949.38],4,4
[1597.76],3,3
[3073.62],4,4
[3318.49],4,4
[3300.44],4,4
[2210.64],3,3
[3578.24],4,4
[3125.78],4,4
[1184.32],2,2
[2443.01],3,3
[2057.14],3,3
[3992.13],4,4
[2564.02],3,3
[5318.21],5,5
[2697.03],3,3
[4275.07],4,4
[1405.49],2,2
[3646.28],4,4
[2636.32],3,3
[3493.88],4,4
[6295.7],5,5
[2372.3],3,3
[3623.02],4,4
[658.04],2,2
[1735.07],3,3
[3571.85],4,4
[2070.35],3,3
[3290.62],4,4
[2996.89],3,3
[3395.13],4,4
[1099.28],2,2
[1295.51],2,2
[3418.41],4,4
[4961.66],4,4
[4883.77],4,4
[1760.0],3,3
[3212.44],4,4
[1364.43],2,2
[2177.16],3,3
[2011.65],3,3
[1827.67],3,3
[2602.8],3,3
[2935.24],3,3
[1867.61],3,3
[3745.93],4,4
[679.9],2,2
[5673.54],5,5
[1411.35],2,2
[6931.98],5,5
[1852.24],3,3
[2385.06],3,3
[1600.13],3,3
[2497.18],3,3
[8794.24],5,5
[3305.29],4,4
[3171.14],4,4
[1276.08],2,2
[3970.11],4,4
[2172.48],3,3
[2321.15],3,3
[1839.35],3,3
[3234.84],4,4
[2061.55],3,3
[1710.07],3,3
[3529.96],4,4
[3867.99],4,4
[1801.37],3,3
[2475.74],3,3
[1967.59],3,3
[1741.99],3,3
[1748.33],3,3
[3835.71],4,4
[2835.1],3,3
[1254.21],2,2
[3033.95],4,4
[1786.6],3,3
[2095.59],3,3
[2083.61],3,3
[399.45],1,1
[3373.49],4,4
[1657.74],3,3
[1560.27],3,3
[3812.56],4,4
[2373.93],3,3
[1311.11],2,2
[1114.75],2,2
[4624.52],4,4
[2748.07],3,3
[2181.77],3,3
[3021.7],4,4
[1855.52],3,3
[3003.02],4,4
[2121.35],3,3
[6473.44],5,5
[1234.19],2,2
[1494.7],2,2
[1429.85],2,2
[1630.64],3,3
[713.86],2,2
[3593.61],4,4
[3532.33],4,4
[1640.35],3,3
[1416.51],2,2
[3200.18],4,4
[3197.98],4,4
[2437.79],3,3
[3542.55],4,4
[3128.9],4,4
[3890.98],4,4
[2045.63],3,3
[1301.13],2,2
[3642.89],4,4
[2063.44],3,3
[2981.05],3,3
[3326.07],4,4
[2243.12],3,3
[5294.28],5,5
[3134.93],4,4
[843.37],2,2
[2432.33],3,3
[1288.07],2,2
[1901.46],3,3
[3673.66],4,4
[1300.82],2,2
[1395.53],2,2
[3295.29],4,4
[3799.14],4,4
[2589.27],3,3
[2828.7],3,3
[2952.26],3,3
[1743.55],3,3
[3269.64],4,4
[3067.25],4,4
[848.14],2,2
[1473.9],2,2
[2821.93],3,3
[3636.48],4,4
[2471.61],3,3
[2397.97],3,3
[1829.41],3,3
[3279.46],4,4
[3045.17],4,4
[7184.23],5,5
[1047.71],2,2
[533.72],2,2
[3313.15],4,4
[3961.16],4,4
[3232.33],4,4
[2197.19],3,3
[3025.13],4,4
[2665.23],3,3
[3299.99],4,4
[3782.93],4,4
[563.18],2,2
[3843.09],4,4
[1896.93],3,3
[2212.32],3,3
[2488.34],3,3
[1786.03],3,3
[1309.6],2,2
[3774.85],4,4
[2255.17],3,3
[3597.09],4,4
[3385.8],4,4
[3342.15],4,4
[148.05],1,1
[3435.9],4,4
[1589.56],3,3
[1299.73],2,2
[2298.91],3,3
[1380.56],2,2
[2909.92],3,3
[1664.17],3,3
[2343.83],3,3
[1812.99],3,3
[3979.99],4,4
[686.3],2,2
[2097.0],3,3
[3075.21],4,4
[1772.85],3,3
[3016.03],4,4
[1439.68],2,2
[1686.12],3,3
[1980.98],3,3
[1378.1],2,2
[3952.62],4,4
[1525.9],3,3
[1149.5],2,2
[3117.07],4,4
[1197.92],2,2
[1414.44],2,2
[1920.63],3,3
[1813.74],3,3
[3677.74],4,4
[3995.13],4,4
[2264.03],3,3
[1596.99],3,3
[3600.2],4,4
[3147.58],4,4
[1187.91],2,2
[5078.94],5,5
[1896.42],3,3
[2285.53],3,3
[3224.56],4,4
[3287.4],4,4
[2964.33],3,3
[2660.57],3,3
[3729.86],4,4
[3798.34],4,4
[2974.6],3,3
[3416.46],4,4
[1792.47],3,3
[2168.01],3,3
[3192.61],4,4
[3241.52],4,4
[6378.65],5,5
[1070.04],2,2
[2600.48],3,3
[2340.74],3,3
[3259.96],4,4
[576.49],2,2
[1770.26],3,3
[1870.66],3,3
[3107.6],4,4
[1198.87],2,2
[2939.84],3,3
[2979.35],3,3
[2734.91],3,3
[2771.81],3,3
[10365.82],5,5
[2774.75],3,3
[3604.99],4,4
[3447.86],4,4
[1143.53],2,2
[3741.13],4,4
[2530.29],3,3
[1204.2],2,2
[2363.87],3,3
[3731.44],4,4
[2852.31],3,3
[4775.86],4,4
[3131.72],4,4
[3218.41],4,4
[1212.13],2,2
[1099.85],2,2
[6775.23],5,5
[2324.05],3,3
[1857.39],3,3
[3767.53],4,4
[2153.06],3,3
[3230.52],4,4
[2970.7],3,3
[1846.1],3,3
[1372.99],2,2
[2897.54],3,3
[646.23],2,2
[1760.49],3,3
[2472.25],3,3
[7976.92],5,5
[2801.68],3,3
[1553.73],3,3
[19992.24],5,5
[1537.37],3,3
[6766.9],5,5
[2979.04],3,3
[3288.67],4,4
[1166.94],2,2
[1715.4],3,3
[2665.84],3,3
[1571.76],3,3
[1036.64],2,2
[2709.12],3,3
[3660.28],4,4
[1971.17],3,3
[1457.95],2,2
[1754.71],3,3
[3524.64],4,4
[3377.81],4,4
[1333.49],2,2
[1385.84],2,2
[1423.87],2,2
[5604.76],5,5
[3706.96],4,4
[2774.62],3,3
[1135.24],2,2
[2378.99],3,3
[3933.91],4,4
[1530.57],3,3
[12675.99],5,5
[3909.18],4,4
[4288.41],4,4
[1855.15],3,3
[3541.08],4,4
[2727.04],3,3
[1449.93],2,2
[3061.27],4,4
[2083.15],3,3
[3563.71],4,4
[3373.72],4,4
[6155.8],5,5
[3046.71],4,4
[1789.27],3,3
[2225.25],3,3
[713.27],2,2
[2441.44],3,3
[2592.78],3,3
[2235.87],3,3
[3467.04],4,4
[3631.92],4,4
[3945.47],4,4
[2208.38],3,3
[2753.19],3,3
[6692.61],5,5
[1678.74],3,3
[1003.75],2,2
[2253.3],3,3
[18889.71],5,5
[2427.45],3,3
[1742.68],3,3
[2171.02],3,3
[772.8],2,2
[3895.77],4,4
[1825.98],3,3
[2782.13],3,3
[3462.9],4,4
[1864.56],3,3
[2466.9],3,3
[3676.17],4,4
[1092.67],2,2
[2357.0],3,3
[2618.88],3,3
[3410.47],4,4
[1384.49],2,2
[1019.71],2,2
[2973.47],3,3
[2035.96],3,3
[963.22],2,2
[1441.27],2,2
[3781.44],4,4
[645.92],2,2
[2518.16],3,3
[3526.97],4,4
[3185.7],4,4
[2153.64],3,3
[2410.22],3,3
[2950.08],3,3
[2437.79],3,3
[1867.99],3,3
[902.11],2,2
[2736.33],3,3
[7258.15],5,5
[2639.23],3,3
[3905.88],4,4
[3119.57],4,4
[3829.67],4,4
[1092.93],2,2
[507.35],2,2
[3683.59],4,4
[1112.91],2,2
[3917.71],4,4
[2899.55],3,3
[2222.55],3,3
[2291.64],3,3
[1912.59],3,3
[2114.43],3,3
[1181.12],2,2
[1680.09],3,3
[3566.54],4,4
[515.44],2,2
[2445.74],3,3
[414.47],1,1
[19636.56],5,5
[3951.47],4,4
[3288.28],4,4
[3945.03],4,4
[3668.79],4,4
[1659.07],3,3
[1556.36],3,3
[603.25],2,2
[1558.77],3,3
[4054.03],4,4
[548.93],2,2
[1299.4],2,2
[592.75],2,2
[3975.27],4,4
[1805.53],3,3
[3914.28],4,4
[14477.38],5,5
[3113.73],4,4
[3138.9],4,4
[2913.59],3,3
[3181.68],4,4
[2357.86],3,3
[2787.92],3,3
[446.87],1,1
[1449.38],2,2
[17009.75],5,5
[1197.96],2,2
[1458.41],2,2
[1973.95],3,3
[1461.51],2,2
[3316.35],4,4
[361.63],1,1
[1227.92],2,2
[3467.69],4,4
[2464.03],3,3
[715.3],2,2
[2727.93],3,3
[1508.92],3,3
[3085.3],4,4
[2604.03],3,3
[3785.18],4,4
[509.43],2,2
[17.7],1,1
[3030.91],4,4
[2125.93],3,3
[1170.28],2,2
[2103.53],3,3
[672.18],2,2
[6538.07],5,5
[3029.33],4,4
[1355.41],2,2
[3352.17],4,4
[982.68],2,2
[3054.64],4,4
[403.25],1,1
[58.64],1,1
[2721.12],3,3
[3534.87],4,4
[1905.57],3,3
[4090.21],4,4
[361.68],1,1
[881.15],2,2
[1660.25],3,3
[3921.44],4,4
[2187.75],3,3
[3537.13],4,4
[2279.13],3,3
[1670.62],3,3
[3593.5],4,4
[630.99],2,2
[6260.36],5,5
[5403.56],5,5
[1665.39],3,3
[1978.47],3,3
[1332.16],2,2
[3042.81],4,4
[2170.23],3,3
[1239.42],2,2
[3156.54],4,4
[4848.32],4,4
[3846.66],4,4
[6305.69],5,5
[3136.54],4,4
[2767.29],3,3
[4200.67],4,4
[2243.02],3,3
[1880.9],3,3
[3115.55],4,4
[2431.76],3,3
[7605.84],5,5
[3550.44],4,4
[3713.97],4,4
[1527.59],3,3
[1712.0],3,3
[2646.91],3,3
[3456.42],4,4
[5199.05],5,5
[3701.23],4,4
[5435.72],5,5
[7183.6],5,5
[1274.91],2,2
[2700.78],3,3
[237.14],1,1
[2987.54],3,3
[2344.39],3,3
[1492.05],2,2
[2564.99],3,3
[2508.03],3,3
[3700.84],4,4
[2421.4],3,3
[3418.65],4,4
[3168.84],4,4
[5227.04],5,5
[1864.57],3,3
[2802.49],3,3
[2349.81],3,3
[1876.35],3,3
[2142.27],3,3
[514.0],2,2
[2141.68],3,3
[18106.3],5,5
[6772.8],5,5
[3112.8],4,4
[2999.17],3,3
[2674.36],3,3
[1506.27],3,3
[1187.43],2,2
[1483.81],2,2
[3242.49],4,4
[1876.91],3,3
[555.43],2,2
[2534.9],3,3
[1769.53],3,3
[2098.5],3,3
[3606.2],4,4
[3923.37],4,4
[1740.72],3,3
[3569.04],4,4
[1367.87],2,2
[3191.95],4,4
[1360.87],2,2
[1801.44],3,3
[2034.52],3,3
[5324.97],5,5
[2502.67],3,3
[1015.28],2,2
[3742.59],4,4
[3515.31],4,4
[1032.68],2,2
[3028.07],4,4
[1671.84],3,3
[2418.02],3,3
[5543.26],5,5
[2169.25],3,3
[14452.78],5,5
[3593.94],4,4
[1308.19],2,2
[925.35],2,2
[1331.19],2,2
[2755.14],3,3
[1559.12],3,3
[3758.6],4,4
[3857.55],4,4
[3617.74],4,4
[1804.18],3,3
[1809.66],3,3
[2700.68],3,3
[5971.93],5,5
[6270.77],5,5
[354.57],1,1
[2146.81],3,3
[1570.3],3,3
[2620.38],3,3
[532.44],2,2
[2063.02],3,3
[3903.82],4,4
[1209.75],2,2
[2021.22],3,3
[3820.74],4,4
[2384.64],3,3
[3470.71],4,4
[1893.76],3,3
[2132.36],3,3
[3097.42],4,4
[3095.75],4,4
[341.99],1,1
[1078.53],2,2
[3601.82],4,4
[717.54],2,2
[2565.31],3,3
[1780.46],3,3
[1807.07],3,3
[3778.85],4,4
[2408.56],3,3
[723.27],2,2
[3915.47],4,4
[2198.44],3,3
[2952.54],3,3
[3424.86],4,4
[2937.02],3,3
[2214.58],3,3
[1640.72],3,3
[3707.77],4,4
[1500.42],3,3
[2792.09],3,3
[4200.35],4,4
[1826.57],3,3
[633.8],2,2
[3272.08],4,4
[3904.25],4,4
[2049.14],3,3
[3250.05],4,4
[3036.83],4,4
[3578.06],4,4
[2994.67],3,3
[2160.02],3,3
[1853.72],3,3
[925.18],2,2
[1975.17],3,3
[3757.23],4,4
[1111.25],2,2
[2387.4],3,3
[1062.54],2,2
[1463.33],2,2
[3539.36],4,4
[1904.7],3,3
[3195.57],4,4
[1520.07],3,3
[3309.73],4,4
[2727.83],3,3
[1097.01],2,2
[3035.62],4,4
[1089.99],2,2
[811.51],2,2
[3673.8],4,4
[1675.8],3,3
[7274.44],5,5
[2177.28],3,3
[2724.92],3,3
[2475.95],3,3
[3015.75],4,4
[3218.3],4,4
[2755.66],3,3
[3895.04],4,4
[6094.63],5,5
[1844.22],3,3
[6557.89],5,5
[4433.44],4,4
[3329.04],4,4
[1659.63],3,3
[5476.51],5,5
[12844.91],5,5
[2917.98],3,3
[1354.59],2,2
[3583.13],4,4
[1380.8],2,2
[2740.76],3,3
[3460.71],4,4
[2787.32],3,3
[3631.29],4,4
[12819.89],5,5
[1490.4],2,2
[1767.38],3,3
[1071.75],2,2
[3903.85],4,4
[3780.7],4,4
[2292.84],3,3
[3822.67],4,4
[3685.35],4,4
[11957.96],5,5
[7233.94],5,5
[1018.25],2,2
[955.65],2,2
[977.9],2,2
[3374.77],4,4
[3861.77],4,4
[1500.49],3,3
[1579.84],3,3
[3545.12],4,4
[1933.38],3,3
[2469.9],3,3
[615.72],2,2
[3449.61],4,4
[1735.97],3,3
[853.47],2,2
[1898.68],3,3
[3079.35],4,4
[4307.82],4,4
[1535.94],3,3
[3093.79],4,4
[2316.22],3,3
[1147.77],2,2
[2714.7],3,3
[3577.68],4,4
[2520.76],3,3
[1327.42],2,2
[3351.11],4,4
[3678.15],4,4
[3866.75],4,4
[3582.52],4,4
[749.91],2,2
[1574.0],3,3
[1078.63],2,2
[1945.93],3,3
[3451.95],4,4
[2282.48],3,3
[5828.15],5,5
[1658.52],3,3
[1263.18],2,2
[3951.34],4,4
[1822.2],3,3
[2032.07],3,3
[2554.19],3,3
[2315.83],3,3
[2730.26],3,3
[1893.25],3,3
[4376.84],4,4
[1648.57],3,3
[2835.83],3,3
[1108.02],2,2
[1216.5],2,2
[3101.64],4,4
[2804.37],3,3
[3778.69],4,4
[1514.9],3,3
[1205.08],2,2
[2634.68],3,3
[2589.96],3,3
[6964.13],5,5
[2073.78],3,3
[2746.14],3,3
[1538.34],3,3
[3924.13],4,4
[12611.8],5,5
[1132.35],2,2
[2342.89],3,3
[18754.25],5,5
[5308.68],5,5
[3468.18],4,4
[2762.82],3,3
[719.26],2,2
[1936.7],3,3
[2351.49],3,3
[1679.97],3,3
[2124.05],3,3
[5822.9],5,5
[3264.34],4,4
[14730.66],5,5
[1267.66],2,2
[1081.37],2,2
[1956.7],3,3
[3027.22],4,4
[1689.15],3,3
[1001.01],2,2
[2056.06],3,3
[1424.22],2,2
[1633.62],3,3
[1317.33],2,2
[330.09],1,1
[6917.35],5,5
[2515.92],3,3
[1726.67],3,3
[2778.75],3,3
[6824.35],5,5
[3698.67],4,4
[3918.22],4,4
[589.29],2,2
[3551.83],4,4
[1113.24],2,2
[5035.09],5,5
[1249.72],2,2
[6650.2],5,5
[295.88],1,1
[2697.6],3,3
[2764.28],3,3
[3293.58],4,4
[3596.35],4,4
[3759.43],4,4
[2007.93],3,3
[2032.47],3,3
[3532.3],4,4
[1304.13],2,2
[2343.59],3,3
[3369.78],4,4
[3739.38],4,4
[3226.27],4,4
[2041.37],3,3
[2655.42],3,3
[1682.03],3,3
[1500.13],3,3
[2381.39],3,3
[1173.94],2,2
[3154.66],4,4
[3096.0],4,4
[2661.03],3,3
[2788.61],3,3
[2940.52],3,3
[2392.19],3,3
[3392.2],4,4
[8426.38],5,5
[5442.6],5,5
[3379.3],4,4
[1609.05],3,3
[1717.98],3,3
[1434.98],2,2
[6971.2],5,5
[1098.09],2,2
[3098.17],4,4
[3198.17],4,4
[3574.32],4,4
[539.42],2,2
[1554.02],3,3
[3308.26],4,4
[2343.07],3,3
[3255.38],4,4
[3243.1],4,4
[431.81],1,1
[16833.22],5,5
[1393.97],2,2
[2715.68],3,3
[1971.82],3,3
[3211.27],4,4
[1895.7],3,3
[5113.91],5,5
[1504.07],3,3
[2349.21],3,3
[3119.37],4,4
[1569.37],3,3
[1929.73],3,3
[2868.83],3,3
[3853.34],4,4
[1298.54],2,2
[1615.73],3,3
[1594.2],3,3
[2755.28],3,3
[3890.44],4,4
[3675.81],4,4
[3498.6],4,4
[2051.15],3,3
[3024.16],4,4
[2916.48],3,3
[2299.66],3,3
[3910.5],4,4
[869.74],2,2
[1223.66],2,2
[2079.2],3,3
[2028.91],3,3
[1049.5],2,2
[3285.62],4,4
[2745.0],3,3
[3815.26],4,4
[6081.29],5,5
[17778.32],5,5
[2996.74],3,3
[2374.51],3,3
[1701.66],3,3
[1284.72],2,2
[3806.76],4,4
[2737.07],3,3
[1446.27],2,2
[1727.46],3,3
[2809.38],3,3
[2215.14],3,3
[1898.28],3,3
[3233.47],4,4
[2674.25],3,3
[3985.13],4,4
[2897.85],3,3
[7379.54],5,5
[1094.42],2,2
[1146.7],2,2
[3711.84],4,4
[4826.53],4,4
[999.36],2,2
[2561.29],3,3
[2515.71],3,3
[4430.44],4,4
[2901.92],3,3
[2907.84],3,3
[1922.22],3,3
[1026.43],2,2
[713.92],2,2
[3789.89],4,4
[3499.9],4,4
[1537.44],3,3
[3591.8],4,4
[1326.32],2,2
[1688.01],3,3
[4295.04],4,4
[1048.24],2,2
[2345.74],3,3
[3410.76],4,4
[3248.85],4,4
[2244.89],3,3
[1745.45],3,3
[2706.9],3,3
[592.61],2,2
[3468.82],4,4
[1463.49],2,2
[3354.09],4,4
[3489.79],4,4
[2245.77],3,3
[3559.87],4,4
[1005.17],2,2
[13501.2],5,5
[3187.96],4,4
[1725.44],3,3
[1765.41],3,3
[3099.4],4,4
[5199.42],5,5
[1742.1],3,3
[3382.57],4,4
[3623.74],4,4
[3299.33],4,4
[1034.91],2,2
[827.32],2,2
[3972.13],4,4
[3591.37],4,4
[3074.21],4,4
[4781.06],4,4
[3451.86],4,4
[1167.13],2,2
[2013.94],3,3
[6775.84],5,5
[2875.96],3,3
[5315.88],5,5
[3665.97],4,4
[2772.52],3,3
[1143.81],2,2
[689.51],2,2
[3708.38],4,4
[3964.26],4,4
[924.72],2,2
[3733.84],4,4
[2206.24],3,3
[2257.2],3,3
[1673.59],3,3
[1728.48],3,3
[389.74],1,1
[2195.82],3,3
[1001.85],2,2
[3235.51],4,4
[3974.52],4,4
[137.45],1,1
[1330.69],2,2
[2956.6],3,3
[3414.59],4,4
[1434.28],2,2
[3354.15],4,4
[2124.2],3,3
[550.84],2,2
[3271.93],4,4
[3099.47],4,4
[3460.65],4,4
[2353.22],3,3
[1534.05],3,3
[3632.19],4,4
[684.32],2,2
[1516.98],3,3
[1416.28],2,2
[1263.34],2,2
[5965.8],5,5
[5333.61],5,5
[1228.77],2,2
[3472.31],4,4
[1550.06],3,3
[2144.6],3,3
[3479.68],4,4
[2852.68],3,3
[1558.69],3,3
[1233.29],2,2
[2078.93],3,3
[2527.07],3,3
[893.18],2,2
[2130.69],3,3
[5428.97],5,5
[1349.01],2,2
[13840.94],5,5
[1213.09],2,2
[1635.49],3,3
[587.4],2,2
[547.63],2,2
[1068.11],2,2
[3282.91],4,4
[2916.71],3,3
[3547.31],4,4
[1016.6],2,2
[2288.06],3,3
[2467.89],3,3
[6883.13],5,5
[1993.5],3,3
[1008.72],2,2
[2722.37],3,3
[1760.99],3,3
[3939.05],4,4
[1257.83],2,2
[2600.91],3,3
[1307.51],2,2
[3881.93],4,4
[2670.22],3,3
[1019.64],2,2
[1599.17],3,3
[3184.65],4,4
[3861.3],4,4
[3456.22],4,4
[3305.14],4,4
[1789.34],3,3
[2793.72],3,3
[2147.48],3,3
[2019.02],3,3
[3377.37],4,4
[3543.38],4,4
[903.42],2,2
[1201.73],2,2
[1092.51],2,2
[3765.91],4,4
[2613.63],3,3
[2023.72],3,3
[137.19],1,1
[3084.97],4,4
[1509.16],3,3
[265.96],1,1
[3991.03],4,4
[3047.81],4,4
[3887.86],4,4
[1956.49],3,3
[276.82],1,1
[2380.75],3,3
[4191.78],4,4
[3399.7],4,4
[3607.37],4,4
[4548.67],4,4
[2234.8],3,3
[3272.96],4,4
[3020.93],4,4
[848.96],2,2
[1721.61],3,3
[1412.59],2,2
[3056.23],4,4
[2638.26],3,3
[2372.55],3,3
[13781.39],5,5
[3002.34],4,4
[1428.82],2,2
[3318.57],4,4
[816.67],2,2
[3020.08],4,4
[3806.08],4,4
[3717.74],4,4
[3012.37],4,4
[3089.39],4,4
[1923.48],3,3
[7236.63],5,5
[3322.04],4,4
[3607.51],4,4
[1765.4],3,3
[2226.11],3,3
[826.12],2,2
[3066.06],4,4
[3091.32],4,4
[795.84],2,2
[2647.33],3,3
[2606.55],3,3
[2171.58],3,3
[2221.11],3,3
[4553.51],4,4
[6930.86],5,5
[2890.32],3,3
[3717.56],4,4
[1779.55],3,3
[3410.47],4,4
[66.49],1,1
[3720.05],4,4
[1893.85],3,3
[3764.61],4,4
[3492.67],4,4
[1729.3],3,3
[1286.65],2,2
[1754.01],3,3
[655.7],2,2
[1336.68],2,2
[3906.51],4,4
[1244.65],2,2
[2871.68],3,3
[1207.84],2,2
[2494.53],3,3
[1262.77],2,2
[5191.44],5,5
[2202.99],3,3
[1929.99],3,3
[2699.86],3,3
[3906.31],4,4
[2703.1],3,3
[16314.97],5,5
[2320.17],3,3
[3568.72],4,4
[3094.81],4,4
[2033.81],3,3
[5405.27],5,5
[562.41],2,2
[845.36],2,2
[1687.15],3,3
[1128.01],2,2
[800.01],2,2
[3546.3],4,4
[2249.91],3,3
[2272.17],3,3
[3069.63],4,4
[2148.97],3,3
[1289.52],2,2
[1998.04],3,3
[3261.05],4,4
[3330.3],4,4
[1755.71],3,3
[935.54],2,2
[126.97],1,1
[1511.41],3,3
[2024.26],3,3
[1166.66],2,2
[2581.28],3,3
[5580.1],5,5
[379.17],1,1
[3636.37],4,4
[2977.88],3,3
[1275.3],2,2
[3879.87],4,4
[1188.51],2,2
[2166.45],3,3
[2405.48],3,3
[3252.72],4,4
[2844.18],3,3
[2903.58],3,3
[3455.22],4,4
[1756.35],3,3
[1188.58],2,2
[1207.12],2,2
[3614.64],4,4
[3393.33],4,4
[3784.36],4,4
[1205.51],2,2
[1108.22],2,2
[2796.71],3,3
[1691.18],3,3
[1022.83],2,2
[942.44],2,2
[10553.89],5,5
[403.23],1,1
[1061.21],2,2
[3813.3],4,4
[7361.59],5,5
[2703.14],3,3
[3755.76],4,4
[2684.73],3,3
[3876.63],4,4
[3388.89],4,4
[2046.46],3,3
[1905.19],3,3
[3904.44],4,4
[3838.83],4,4
[934.15],2,2
[1498.35],2,2
[3975.61],4,4
[1444.16],2,2
[2405.91],3,3
[2484.53],3,3
[2798.16],3,3
[1498.64],2,2
[17354.42],5,5
[3010.44],4,4
[1646.92],3,3
[7737.07],5,5
[1947.11],3,3
[3715.58],4,4
[3271.3],4,4
[1610.8],3,3
[2954.23],3,3
[2650.99],3,3
[2683.45],3,3
[1970.83],3,3
[7898.12],5,5
[3859.09],4,4
[2588.22],3,3
[1937.89],3,3
[1249.21],2,2
[3783.42],4,4
[4336.17],4,4
[2222.91],3,3
[4452.87],4,4
[3243.47],4,4
[290.86],1,1
[3820.07],4,4
[2923.33],3,3
[7444.24],5,5
[197.43],1,1
[1757.58],3,3
[345.49],1,1
[2221.49],3,3
[1491.41],2,2
[3609.02],4,4
[3076.29],4,4
[2987.32],3,3
[2129.43],3,3
[3830.79],4,4
[5785.79],5,5
[1031.41],2,2
[2255.11],3,3
[1087.4],2,2
[810.17],2,2
[1872.28],3,3
[3140.06],4,4
[1933.29],3,3
[2471.25],3,3
[2000.64],3,3
[7273.63],5,5
[3909.81],4,4
[6604.34],5,5
[2698.77],3,3
[1192.61],2,2
[1352.43],2,2
[2460.39],3,3
[1648.02],3,3
[716.07],2,2
[612.26],2,2
[3358.66],4,4
[1414.29],2,2
[2456.29],3,3
[2692.26],3,3
[2865.43],3,3
[866.93],2,2
[2577.95],3,3
[3753.21],4,4
[3381.4],4,4
[2364.54],3,3
[3320.39],4,4
[1371.75],2,2
[7941.99],5,5
[610.23],2,2
[2051.88],3,3
[3450.43],4,4
[2649.54],3,3
[1399.23],2,2
[960.73],2,2
[3403.24],4,4
[1944.56],3,3
[3436.77],4,4
[1548.09],3,3
[6595.04],5,5
[2090.85],3,3
[1778.33],3,3
[1877.39],3,3
[1935.22],3,3
[3583.13],4,4
[305.71],1,1
[3002.37],4,4
[1637.47],3,3
[1235.94],2,2
[2957.19],3,3
[5646.32],5,5
[2854.55],3,3
[2330.47],3,3
[1353.83],2,2
[2036.18],3,3
[1942.52],3,3
[6657.06],5,5
[1704.36],3,3
[2355.57],3,3
[3572.82],4,4
[2250.08],3,3
[6339.16],5,5
[9149.92],5,5
[2337.15],3,3
[3906.45],4,4
[3234.83],4,4
[2276.9],3,3
[3179.96],4,4
[1194.61],2,2
[675.66],2,2
[2236.28],3,3
[3908.93],4,4
[1815.94],3,3
[3338.32],4,4
[3555.1],4,4
[3045.32],4,4
[417.54],1,1
[3313.99],4,4
[1136.22],2,2
[1160.05],2,2
[1213.86],2,2
[1273.08],2,2
[4853.35],4,4
[1810.64],3,3
[2695.4],3,3
[2214.33],3,3
[4569.71],4,4
[3899.99],4,4
[2304.03],3,3
[2215.48],3,3
[3652.79],4,4
[6236.63],5,5
[48.48],1,1
[2699.56],3,3
[1125.26],2,2
[591.85],2,2
[3119.61],4,4
[2567.72],3,3
[2423.33],3,3
[3420.22],4,4
[2802.27],3,3
[11463.47],5,5
[16088.5],5,5
[2664.99],3,3
[7214.65],5,5
[2154.01],3,3
[3867.66],4,4
[231.5],1,1
[1305.78],2,2
[1180.77],2,2
[2144.44],3,3
[3946.71],4,4
[3538.55],4,4
[2163.24],3,3
[6568.35],5,5
[2278.58],3,3
[514.69],2,2
[3379.35],4,4
[3876.67],4,4
[3892.09],4,4
[3096.72],4,4
[2887.19],3,3
[2314.9],3,3
[1559.65],3,3
[3934.01],4,4
[745.6],2,2
[3247.15],4,4
[3976.4],4,4
[3414.04],4,4
[19840.56],5,5
[2548.88],3,3
[1799.22],3,3
[8836.47],5,5
[1681.37],3,3
[3097.41],4,4
[2090.6],3,3
[1021.4],2,2
[3067.5],4,4
[2042.82],3,3
[2332.59],3,3
[1108.52],2,2
[3426.72],4,4
[1942.38],3,3
[2938.18],3,3
[1683.27],3,3
[2268.66],3,3
[19408.99],5,5
[6904.96],5,5
[2198.92],3,3
[2430.26],3,3
[1864.56],3,3
[3531.5],4,4
[1705.18],3,3
[7973.3],5,5
[2799.64],3,3
[2087.16],3,3
[3902.21],4,4
[2519.12],3,3
[4628.96],4,4
[3575.06],4,4
[1143.41],2,2
[1604.55],3,3
[1969.77],3,3
[3237.65],4,4
[2366.84],3,3
[1198.73],2,2
[2792.59],3,3
[177.72],1,1
[3919.2],4,4
[2625.58],3,3
[966.41],2,2
[1078.27],2,2
[760.96],2,2
[3127.27],4,4
[3273.44],4,4
[9331.94],5,5
[2332.36],3,3
[2940.19],3,3
[1090.22],2,2
[7246.19],5,5
[1848.3],3,3
[2937.82],3,3
[1608.56],3,3
[3613.59],4,4
[3501.17],4,4
[3555.06],4,4
[3805.38],4,4
[1339.31],2,2
[1052.13],2,2
[694.87],2,2
[994.99],2,2
[1056.85],2,2
[2712.77],3,3
[2801.9],3,3
[2460.29],3,3
[3462.64],4,4
[1937.99],3,3
[2441.57],3,3
[1273.81],2,2
[1458.9],2,2
[3844.12],4,4
[3889.55],4,4
[4378.81],4,4
[2466.45],3,3
[2356.92],3,3
[3376.66],4,4
[3319.59],4,4
[3229.07],4,4
[2018.06],3,3
[2728.46],3,3
[2645.93],3,3
[2349.89],3,3
[2941.76],3,3
[2679.7],3,3
[2155.74],3,3
[2082.85],3,3
[2099.19],3,3
[2454.75],3,3
[2791.08],3,3
[1331.02],2,2
[3833.24],4,4
[1479.54],2,2
[1018.81],2,2
[2343.04],3,3
[1578.11],3,3
[1660.99],3,3
[2266.5],3,3
[2602.44],3,3
[5206.33],5,5
[2144.6],3,3
[2036.33],3,3
[1283.43],2,2
[3945.32],4,4
[2829.18],3,3
[3203.47],4,4
[1884.49],3,3
[7727.18],5,5
[876.18],2,2
[3341.12],4,4
[3262.67],4,4
[2748.78],3,3
[3551.07],4,4
[2495.64],3,3
[3131.08],4,4
[1186.86],2,2
[3044.26],4,4
[1901.99],3,3
[2263.23],3,3
[2868.72],3,3
[311.01],1,1
[2944.81],3,3
[3417.75],4,4
[6646.57],5,5
[837.86],2,2
[2132.33],3,3
[1813.16],3,3
[12553.44],5,5
[3568.8],4,4
[2561.37],3,3
[1117.66],2,2
[1752.65],3,3
[1825.02],3,3
[2188.43],3,3
[1590.26],3,3
[3669.22],4,4
[1886.92],3,3
[2981.07],3,3
[576.64],2,2
[2783.22],3,3
[2964.05],3,3
[3316.35],4,4
[3817.09],4,4
[3399.73],4,4
[2379.02],3,3
[3894.9],4,4
[1850.71],3,3
[3132.48],4,4
[3852.87],4,4
[3114.14],4,4
[3660.99],4,4
[871.5],2,2
[1841.65],3,3
[3032.86],4,4
[3038.72],4,4
[3792.84],4,4
[2424.84],3,3
[3799.44],4,4
[3607.74],4,4
[1256.56],2,2
[2119.14],3,3
[2983.4],3,3
[1009.88],2,2
[3623.69],4,4
[3712.04],4,4
[846.08],2,2
[2083.34],3,3
[2625.48],3,3
[1886.78],3,3
[1085.36],2,2
[1591.67],3,3
[3800.79],4,4
[3926.97],4,4
[1154.22],2,2
[3947.94],4,4
[1030.73],2,2
[3438.99],4,4
[3904.19],4,4
[2060.19],3,3
[1038.7],2,2
[1376.45],2,2
[1219.61],2,2
[2110.28],3,3
[3174.05],4,4
[939.14],2,2
[3327.07],4,4
[1374.73],2,2
[1841.19],3,3
[1889.17],3,3
[1886.12],3,3
[3522.36],4,4
[2899.89],3,3
[1521.58],3,3
[2462.1],3,3
[3711.7],4,4
[1309.41],2,2
[3425.51],4,4
[345.29],1,1
[2948.83],3,3
[3525.6],4,4
[1333.97],2,2
[3083.89],4,4
[1155.01],2,2
[2498.0],3,3
[1780.25],3,3
[875.29],2,2
[5132.85],5,5
[1045.5],2,2
[1345.69],2,2
[2734.9],3,3
[7241.19],5,5
[1987.42],3,3
[3612.93],4,4
[1846.92],3,3
[3577.03],4,4
[1732.21],3,3
[966.99],2,2
[1152.68],2,2
[1725.86],3,3
[3160.08],4,4
[1753.19],3,3
[892.49],2,2
[1947.87],3,3
[17396.29],5,5
[1914.9],3,3
[2436.58],3,3
[1814.81],3,3
[1667.97],3,3
[1272.46],2,2
[3808.05],4,4
[3886.6],4,4
[1135.6],2,2
[1188.43],2,2
[1564.92],3,3
[885.97],2,2
[2346.25],3,3
[2538.95],3,3
[2461.17],3,3
[1462.54],2,2
[2335.51],3,3
[1025.12],2,2
[10021.55],5,5
[2957.03],3,3
[2291.04],3,3
[3230.76],4,4
[14318.7],5,5
[3095.73],4,4
[2987.45],3,3
[2416.61],3,3
[3779.47],4,4
[3170.46],4,4
[2582.87],3,3
[2741.48],3,3
[1824.15],3,3
[1401.46],2,2
[1205.62],2,2
[2360.29],3,3
[2864.64],3,3
[2317.48],3,3
[2986.52],3,3
[2452.46],3,3
[7745.15],5,5
[1990.71],3,3
[2396.08],3,3
[2776.46],3,3
[7087.03],5,5
[3620.55],4,4
[2115.03],3,3
[2031.78],3,3
[3128.49],4,4
[3098.7],4,4
[3761.78],4,4
[3514.01],4,4
[2978.07],3,3
[1703.27],3,3
[1577.09],3,3
[3197.4],4,4
[1987.85],3,3
[3928.08],4,4
[1233.0],2,2
[542.25],2,2
[2615.87],3,3
[2582.82],3,3
[1337.05],2,2
[508.94],2,2
[1150.31],2,2
[1066.53],2,2
[2487.55],3,3
[1151.04],2,2
[1160.92],2,2
[1768.8],3,3
[936.3],2,2
[6042.92],5,5
[12496.68],5,5
[3291.89],4,4
[3074.41],4,4
[3848.44],4,4
[2696.21],3,3
[2836.01],3,3
[2533.72],3,3
[2954.02],3,3
[2126.13],3,3
[650.21],2,2
[3989.4],4,4
[3047.46],4,4
[1794.34],3,3
[3957.07],4,4
[8419.72],5,5
[2496.57],3,3
[2669.97],3,3
[2755.37],3,3
[7695.6],5,5
[2849.68],3,3
[1280.6],2,2
[79.21],1,1
[1477.72],2,2
[5698.01],5,5
[1689.67],3,3
[833.97],2,2
[961.39],2,2
[1361.18],2,2
[1277.96],2,2
[1757.3],3,3
[1413.02],2,2
[3922.15],4,4
[388.99],1,1
[361.9],1,1
[3296.84],4,4
[1435.35],2,2
[3466.11],4,4
[3913.09],4,4
[3506.2],4,4
[3815.86],4,4
[2710.57],3,3
[3680.75],4,4
[2563.83],3,3
[1660.4],3,3
[2740.17],3,3
[2563.64],3,3
[3625.04],4,4
[2229.09],3,3
[3984.48],4,4
[941.85],2,2
[1615.3],3,3
[3285.14],4,4
[1815.11],3,3
[2198.58],3,3
[11923.34],5,5
[593.61],2,2
[2488.93],3,3
[3007.23],4,4
[1594.72],3,3
[811.94],2,2
[3357.05],4,4
[1219.07],2,2
[3830.06],4,4
[3930.15],4,4
[827.95],2,2
[3710.04],4,4
[1355.5],2,2
[1199.91],2,2
[3676.56],4,4
[3553.4],4,4
[1969.44],3,3
[1182.1],2,2
[3087.9],4,4
[2916.45],3,3
[721.15],2,2
[2016.41],3,3
[3633.93],4,4
[1842.91],3,3
[3363.0],4,4
[1673.03],3,3
[2819.54],3,3
[1821.47],3,3
[652.58],2,2
[6151.13],5,5
[2087.37],3,3
[1592.46],3,3
[1694.12],3,3
[2544.32],3,3
[4261.47],4,4
[1721.43],3,3
[5862.91],5,5
[3866.2],4,4
[3723.13],4,4
[851.27],2,2
[1053.0],2,2
[1125.14],2,2
[3528.87],4,4
[1864.51],3,3
[4959.33],4,4
[3537.56],4,4
[2810.74],3,3
[2194.79],3,3
[2722.42],3,3
[462.15],1,1
[1197.95],2,2
[3950.97],4,4
[3500.79],4,4
[1380.9],2,2
[899.69],2,2
[1636.09],3,3
[1867.89],3,3
[1911.3],3,3
[6546.19],5,5
[623.58],2,2
[2998.89],3,3
[1335.32],2,2
[2201.25],3,3
[2393.45],3,3
[4799.96],4,4
[1612.44],3,3
[1092.98],2,2
[886.35],2,2
[1994.33],3,3
[3080.11],4,4
[2441.23],3,3
[1852.34],3,3
[2369.85],3,3
[812.19],2,2
[2643.35],3,3
[2516.29],3,3
[959.27],2,2
[12719.84],5,5
[1087.46],2,2
[4507.1],4,4
[1002.57],2,2
[3179.28],4,4
[2244.06],3,3
[1296.2],2,2
[3610.09],4,4
[1821.94],3,3
[227.52],1,1
[3996.62],4,4
[2114.81],3,3
[1548.17],3,3
[2166.79],3,3
[3398.37],4,4
[1126.24],2,2
[2853.4],3,3
[3794.42],4,4
[1376.44],2,2
[1791.84],3,3
[3165.18],4,4
[4068.17],4,4
[2432.46],3,3
[1812.85],3,3
[2383.74],3,3
[4701.13],4,4
[1717.73],3,3
[3635.53],4,4
[1556.69],3,3
[2014.28],3,3
[3073.86],4,4
[2353.51],3,3
[1598.4],3,3
[2353.8],3,3
[3941.63],4,4
[15669.49],5,5
[1460.63],2,2
[1171.67],2,2
[2660.9],3,3
[1219.26],2,2
[7566.82],5,5
[3554.39],4,4
[1347.28],2,2
[3073.92],4,4
[1028.7],2,2
[2654.58],3,3
[1723.89],3,3
[2028.14],3,3
[13316.67],5,5
[3837.45],4,4
[3210.28],4,4
[3944.91],4,4
[164.02],1,1
[821.76],2,2
[3961.64],4,4
[1539.02],3,3
[2141.23],3,3
[2964.55],3,3
[1829.77],3,3
[5773.84],5,5
[3440.44],4,4
[516.85],2,2
[3099.02],4,4
[2584.24],3,3
[924.93],2,2
[1612.07],3,3
[1566.1],3,3
[3556.33],4,4
[1681.0],3,3
[1011.07],2,2
[2643.33],3,3
[992.45],2,2
[1198.72],2,2
[2476.21],3,3
[1873.6],3,3
[4295.2],4,4
[313.47],1,1
[2969.02],3,3
[3849.57],4,4
[1644.49],3,3
[3324.29],4,4
[1734.33],3,3
[1812.12],3,3
[6258.18],5,5
[1225.76],2,2
[1697.18],3,3
[1389.45],2,2
[1210.24],2,2
[2763.32],3,3
[2275.08],3,3
[2581.77],3,3
[3742.9],4,4
[3893.16],4,4
[4783.43],4,4
[656.32],2,2
[2134.87],3,3
[3638.24],4,4
[2992.91],3,3
[993.21],2,2
[3070.41],4,4
[1257.66],2,2
[919.61],2,2
[2368.32],3,3
[2509.21],3,3
[1684.09],3,3
[2030.01],3,3
[3921.36],4,4
[7154.87],5,5
[2372.69],3,3
[624.76],2,2
[3486.5],4,4
[2448.82],3,3
[3268.75],4,4
[1192.29],2,2
[3460.42],4,4
[1727.44],3,3
[6329.03],5,5
[1765.46],3,3
[2667.76],3,3
[1316.09],2,2
[3235.38],4,4
[81.73],1,1
[2779.11],3,3
[2586.73],3,3
[3110.74],4,4
[2989.14],3,3
[847.1],2,2
[486.75],1,1
[3306.38],4,4
[1733.47],3,3
[1027.84],2,2
[2120.38],3,3
[2824.05],3,3
[905.08],2,2
[3536.17],4,4
[2348.68],3,3
[3773.63],4,4
[1848.22],3,3
[983.86],2,2
[1277.76],2,2
[692.8],2,2
[10134.48],5,5
[1127.47],2,2
[882.76],2,2
[3798.36],4,4
[316.94],1,1
[1783.76],3,3
[1925.19],3,3
[2500.21],3,3
[1208.78],2,2
[3807.25],4,4
[2714.96],3,3
[2550.09],3,3
[3871.44],4,4
[1370.05],2,2
[1907.41],3,3
[1906.91],3,3
[673.21],2,2
[1106.18],2,2
[2609.89],3,3
[2901.73],3,3
[1220.89],2,2
[2855.97],3,3
[1676.86],3,3
[1820.08],3,3
[314.28],1,1
[3870.25],4,4
[1652.41],3,3
[2506.93],3,3
[1405.31],2,2
[3161.96],4,4
[1355.7],2,2
[1503.6],3,3
[2886.33],3,3
[3769.26],4,4
[3733.88],4,4
[2995.99],3,3
[3825.47],4,4
[822.16],2,2
[1046.46],2,2
[3954.4],4,4
[3367.99],4,4
[1522.18],3,3
[3669.04],4,4
[3531.89],4,4
[7809.0],5,5
[3354.89],4,4
[2272.59],3,3
[2931.17],3,3
[7304.29],5,5
[799.68],2,2
[1523.11],3,3
[3959.86],4,4
[2149.16],3,3
[3290.93],4,4
[3011.79],4,4
[2124.41],3,3
[2503.05],3,3
[3924.18],4,4
[4756.53],4,4
[2564.09],3,3
[3983.1],4,4
[6663.3],5,5
[672.08],2,2
[3221.59],4,4
[2027.77],3,3
[3861.35],4,4
[2180.48],3,3
[3292.21],4,4
[1618.93],3,3
[1098.47],2,2
[3273.26],4,4
[1780.82],3,3
[3037.43],4,4
[2815.48],3,3
[5904.98],5,5
[1940.58],3,3
[254.36],1,1
[3243.24],4,4
[1287.0],2,2
[1999.88],3,3
[1333.06],2,2
[1859.87],3,3
[3398.14],4,4
[2741.21],3,3
[1080.91],2,2
[3462.83],4,4
[2891.93],3,3
[2104.11],3,3
[2678.01],3,3
[2790.95],3,3
[2353.63],3,3
[3494.31],4,4
[3409.69],4,4
[2194.53],3,3
[1189.21],2,2
[1489.36],2,2
[2520.17],3,3
[59.64],1,1
[2072.94],3,3
[11622.73],5,5
[3313.53],4,4
[1512.47],3,3
[3164.58],4,4
[2790.46],3,3
[1548.59],3,3
[511.05],2,2
[914.41],2,2
[1519.36],3,3
[1283.82],2,2
[976.37],2,2
[1912.81],3,3
[2126.71],3,3
[1911.65],3,3
[3295.09],4,4
[16227.64],5,5
[1615.67],3,3
[1347.82],2,2
[1581.98],3,3
[1311.02],2,2
[3201.47],4,4
[933.64],2,2
[3477.11],4,4
[17245.49],5,5
[1021.59],2,2
[1483.41],2,2
[5722.33],5,5
[3435.32],4,4
[2715.9],3,3
[1273.33],2,2
[3265.81],4,4
[2895.99],3,3
[6892.6],5,5
[1236.49],2,2
[886.03],2,2
[2191.63],3,3
[2566.91],3,3
[2141.57],3,3
[1751.23],3,3
[1388.46],2,2
[1647.52],3,3
[2410.74],3,3
[2776.0],3,3
[3267.8],4,4
[1986.76],3,3
[3348.43],4,4
[3075.07],4,4
[2040.81],3,3
[1755.23],3,3
[3701.12],4,4
[3630.12],4,4
[2234.31],3,3
[3451.52],4,4
[4115.07],4,4
[2476.08],3,3
[1028.4],2,2
[2628.0],3,3
[2474.82],3,3
[3069.36],4,4
[1759.34],3,3
[2419.65],3,3
[2915.63],3,3
[3103.84],4,4
[2544.38],3,3
[3263.65],4,4
[1309.54],2,2
[1468.63],2,2
[3383.85],4,4
[1280.38],2,2
[1445.89],2,2
[1415.95],2,2
[1622.47],3,3
[3225.14],4,4
[1147.5],2,2
[6701.65],5,5
[2740.31],3,3
[502.35],2,2
[2745.16],3,3
[3522.96],4,4
[2557.41],3,3
[3465.03],4,4
[2406.95],3,3
[5640.73],5,5
[19612.31],5,5
[8466.19],5,5
[3090.05],4,4
[3226.73],4,4
[3189.03],4,4
[3257.18],4,4
[2289.14],3,3
[1917.67],3,3
[2479.73],3,3
[2940.97],3,3
[1867.29],3,3
[590.71],2,2
[1046.95],2,2
[2640.42],3,3
[1485.95],2,2
[2364.84],3,3
[1219.18],2,2
[255.27],1,1
[3857.06],4,4
[2294.97],3,3
[1287.68],2,2
[2156.42],3,3
[6459.37],5,5
[2300.82],3,3
[1703.32],3,3
[2405.33],3,3
[2936.11],3,3
[3335.76],4,4
[1343.59],2,2
[2976.26],3,3
[2035.52],3,3
[2593.38],3,3
[12981.42],5,5
[3942.32],4,4
[3610.72],4,4
[515.34],2,2
[7226.47],5,5
[2329.8],3,3
[3310.91],4,4
[2037.75],3,3
[839.69],2,2
[3873.71],4,4
[3230.59],4,4
[3298.6],4,4
[2087.91],3,3
[3620.0],4,4
[2700.58],3,3
[3627.37],4,4
[7616.16],5,5
[3453.33],4,4
[13584.85],5,5
[3476.38],4,4
[2365.48],3,3
[5651.12],5,5
[1316.12],2,2
[1718.47],3,3
[653.95],2,2
[3994.54],4,4
[2184.45],3,3
[1040.76],2,2
[1596.98],3,3
[3102.43],4,4
[15355.28],5,5
[3415.86],4,4
[1602.48],3,3
[1253.09],2,2
[2627.77],3,3
[2769.16],3,3
[6603.07],5,5
[5943.81],5,5
[3432.33],4,4
[1035.57],2,2
[3865.94],4,4
[1757.43],3,3
[2295.37],3,3
[3927.66],4,4
[3009.05],4,4
[3022.86],4,4
[3866.99],4,4
[3589.84],4,4
[3661.21],4,4
[604.61],2,2
[1923.85],3,3
[2321.51],3,3
[1100.79],2,2
[2877.22],3,3
[929.22],2,2
[2250.48],3,3
[3439.16],4,4
[3966.5],4,4
[1051.79],2,2
[1073.67],2,2
[896.17],2,2
[2058.88],3,3
[1191.35],2,2
[1236.87],2,2
[2267.41],3,3
[1667.36],3,3
[1825.42],3,3
[2870.54],3,3
[1745.73],3,3
[2508.68],3,3
[1269.56],2,2
[1878.81],3,3
[630.65],2,2
[834.42],2,2
[2193.48],3,3
[621.64],2,2
[3416.71],4,4
[2010.7],3,3
[2599.06],3,3
[1250.91],2,2
[1642.86],3,3
[2288.57],3,3
[1649.3],3,3
[1251.5],2,2
[2347.15],3,3
[1354.76],2,2
[3693.17],4,4
[3147.1],4,4
[2394.94],3,3
[2571.2],3,3
[5787.01],5,5
[2170.12],3,3
[1239.11],2,2
[1394.6],2,2
[3093.68],4,4
[2972.66],3,3
[1471.38],2,2
[3584.27],4,4
[2338.31],3,3
[3097.79],4,4
[2603.57],3,3
[1418.42],2,2
[2586.52],3,3
[5130.72],5,5
[2396.97],3,3
[2725.11],3,3
[1641.14],3,3
[2261.03],3,3
[3374.72],4,4
[2063.65],3,3
[2076.09],3,3
[1001.7],2,2
[1662.44],3,3
[3355.88],4,4
[2086.59],3,3
[2978.12],3,3
[3478.46],4,4
[3439.72],4,4
[2449.12],3,3
[1498.33],2,2
[15533.64],5,5
[583.93],2,2
[2659.36],3,3
[3931.0],4,4
[795.49],2,2
[1493.46],2,2
[3963.73],4,4
[1127.39],2,2
[2850.7],3,3
[1497.76],2,2
[3880.06],4,4
[3242.15],4,4
[3449.4],4,4
[2299.84],3,3
[2666.09],3,3
[3338.5],4,4
[3601.64],4,4
[3726.53],4,4
[906.49],2,2
[843.73],2,2
[977.37],2,2
[1622.83],3,3
[2249.97],3,3
[1688.53],3,3
[2368.22],3,3
[3467.74],4,4
[1550.13],3,3
[3685.37],4,4
[2037.96],3,3
[3024.46],4,4
[4958.11],4,4
[2956.45],3,3
[1293.37],2,2
[2939.92],3,3
[3943.97],4,4
[1323.68],2,2
[1712.71],3,3
[1272.36],2,2
[1955.25],3,3
[1664.52],3,3
[19881.01],5,5
[2206.47],3,3
[16590.01],5,5
[2222.14],3,3
[3599.85],4,4
[3821.56],4,4
[1833.21],3,3
[3411.03],4,4
[3329.11],4,4
[3157.07],4,4
[5917.22],5,5
[1076.06],2,2
[1848.09],3,3
[620.38],2,2
[800.63],2,2
[475.88],1,1
[1304.45],2,2
[3380.89],4,4
[1064.46],2,2
[2340.73],3,3
[4195.99],4,4
[2771.49],3,3
[2019.48],3,3
[2641.86],3,3
[1089.52],2,2
[1721.9],3,3
[666.85],2,2
[1666.31],3,3
[1846.43],3,3
[3011.9],4,4
[1028.36],2,2
[1601.64],3,3
[2848.85],3,3
[1897.87],3,3
[6394.75],5,5
[888.57],2,2
[3637.33],4,4
[18073.89],5,5
[1365.18],2,2
[3840.73],4,4
[2533.08],3,3
[3758.78],4,4
[826.09],2,2
[3326.76],4,4
[2084.94],3,3
[3461.39],4,4
[4744.5],4,4
[2925.59],3,3
[3844.05],4,4
[2686.19],3,3
[3169.8],4,4
[1879.93],3,3
[5007.23],5,4
[3933.83],4,4
[1111.49],2,2
[3936.5],4,4
[3075.47],4,4
[3771.77],4,4
[3675.17],4,4
[3856.81],4,4
[3112.23],4,4
[3190.61],4,4
[2083.45],3,3
[1603.35],3,3
[3115.82],4,4
[2641.47],3,3
[2046.77],3,3
[2243.61],3,3
[3548.57],4,4
[3042.32],4,4
[2879.27],3,3
[6980.06],5,5
[3094.57],4,4
[2847.9],3,3
[3732.34],4,4
[2558.52],3,3
[2207.77],3,3
[1160.84],2,2
[699.0],2,2
[974.24],2,2
[1975.99],3,3
[1824.75],3,3
[2501.7],3,3
[3104.84],4,4
[12845.74],5,5
[2898.97],3,3
[1550.34],3,3
[717.06],2,2
[3749.61],4,4
[3086.29],4,4
[1698.25],3,3
[2154.97],3,3
[3858.17],4,4
[1565.09],3,3
[3265.52],4,4
[1281.03],2,2
[3519.34],4,4
[3689.69],4,4
[3206.84],4,4
[2642.87],3,3
[2206.64],3,3
[3753.04],4,4
[6849.49],5,5
[673.25],2,2
[2547.83],3,3
[2756.91],3,3
[2507.39],3,3
[1491.7],2,2
[5139.2],5,5
[2188.95],3,3
[598.8],2,2
[904.23],2,2
[2346.15],3,3
[7346.26],5,5
[591.26],2,2
[1640.03],3,3
[1658.02],3,3
[1441.73],2,2
[3098.43],4,4
[16.96],1,1
[3881.86],4,4
[2354.62],3,3
[3303.44],4,4
[2253.23],3,3
[1876.23],3,3
[8592.2],5,5
[3395.81],4,4
[1766.82],3,3
[3336.85],4,4
[1175.73],2,2
[2329.61],3,3
[1487.83],2,2
[2118.08],3,3
[2225.7],3,3
[3504.35],4,4
[3986.33],4,4
[3634.51],4,4
[1141.19],2,2
[3986.45],4,4
[3708.62],4,4
[2802.04],3,3
[2516.87],3,3
[3887.61],4,4
[2929.17],3,3
[830.37],2,2
[2724.86],3,3
[1236.79],2,2
[1171.04],2,2
[3735.83],4,4
[1899.56],3,3
[1196.48],2,2
[1273.76],2,2
[505.9],2,2
[1396.2],2,2
[1770.86],3,3
[3856.44],4,4
[507.15],2,2
[2262.8],3,3
[3678.09],4,4
[62.22],1,1
[2396.82],3,3
[3612.46],4,4
[3724.59],4,4
[3187.83],4,4
[3320.03],4,4
[1063.42],2,2
[3074.2],4,4
[3674.96],4,4
[1969.94],3,3
[2942.79],3,3
[2356.02],3,3
[3212.66],4,4
[2650.41],3,3
[849.71],2,2
[2260.68],3,3
[1935.73],3,3
[1725.7],3,3
[1903.75],3,3
[2797.53],3,3
[2231.69],3,3
[2813.99],3,3
[3410.81],4,4
[1787.98],3,3
[1438.23],2,2
[3866.81],4,4
[3777.05],4,4
[633.58],2,2
[2531.32],3,3
[3601.23],4,4
[1275.85],2,2
[3312.96],4,4
[4331.76],4,4
[7839.55],5,5
[1935.71],3,3
[1484.42],2,2
[1326.64],2,2
[3802.08],4,4
[639.23],2,2
[2920.28],3,3
[17013.03],5,5
[2324.27],3,3
[5489.19],5,5
[614.19],2,2
[1688.76],3,3
[3508.21],4,4
[2957.22],3,3
[1517.75],3,3
[2119.89],3,3
[1883.12],3,3
[2991.8],3,3
[3373.33],4,4
[2205.68],3,3
[732.61],2,2
[1326.18],2,2
[6043.24],5,5
[3119.13],4,4
[3117.49],4,4
[3623.18],4,4
[1712.7],3,3
[2834.18],3,3
[1988.85],3,3
[1553.51],3,3
[2382.51],3,3
[1437.24],2,2
[3537.21],4,4
[2785.41],3,3
[3570.01],4,4
[1776.1],3,3
[461.84],1,1
[1545.39],3,3
[3632.73],4,4
[2285.43],3,3
[2660.33],3,3
[2906.09],3,3
[575.64],2,2
[2266.43],3,3
[1152.73],2,2
[852.05],2,2
[3605.53],4,4
[1601.98],3,3
[1062.3],2,2
[2164.28],3,3
[5082.24],5,5
[1455.24],2,2
[3425.46],4,4
[2328.41],3,3
[3262.74],4,4
[2909.74],3,3
[2818.42],3,3
[3895.7],4,4
[640.23],2,2
[3035.28],4,4
[1411.81],2,2
[1113.67],2,2
[2333.39],3,3
[5666.05],5,5
[1398.14],2,2
[2107.32],3,3
[3985.31],4,4
[1359.71],2,2
[1782.11],3,3
[2658.19],3,3
[3789.86],4,4
[3950.81],4,4
[2507.31],3,3
[3762.45],4,4
[5848.13],5,5
[1454.08],2,2
[921.45],2,2
[3397.18],4,4
[2194.77],3,3
[5206.91],5,5
[3555.18],4,4
[1220.76],2,2
[7221.94],5,5
[1659.73],3,3
[1605.98],3,3
[1825.39],3,3
[6874.49],5,5
[2955.34],3,3
[5596.9],5,5
[1762.31],3,3
[2333.76],3,3
[1225.45],2,2
[2786.05],3,3
[3893.17],4,4
[1220.31],2,2
[3886.41],4,4
[1662.77],3,3
[7240.66],5,5
[3768.62],4,4
[2151.21],3,3
[3520.04],4,4
[2781.1],3,3
[4009.44],4,4
[1214.33],2,2
[1654.81],3,3
[1082.84],2,2
[2019.91],3,3
[2759.48],3,3
[3628.86],4,4
[2451.28],3,3
[4507.62],4,4
[1654.22],3,3
[2507.36],3,3
[297.32],1,1
[1959.01],3,3
[2891.97],3,3
[2265.68],3,3
[2706.74],3,3
[3715.07],4,4
[56.56],1,1
[1519.3],3,3
[3454.9],4,4
[2205.82],3,3
[2614.2],3,3
[3571.56],4,4
[1400.73],2,2
[1723.17],3,3
[346.47],1,1
[1975.9],3,3
[1879.25],3,3
[3086.19],4,4
[1280.05],2,2
[10897.5],5,5
[2158.51],3,3
[2115.59],3,3
[1530.48],3,3
[2135.92],3,3
[2862.55],3,3
[3883.4],4,4
[583.7],2,2
[7993.49],5,5
[1617.23],3,3
[1475.48],2,2
[1725.47],3,3
[6467.87],5,5
[4348.99],4,4
[2368.37],3,3
[3118.9],4,4
[1199.3],2,2
[2691.07],3,3
[3959.27],4,4
[3211.24],4,4
[1851.02],3,3
[1840.08],3,3
[1885.04],3,3
[3235.21],4,4
[1575.36],3,3
[1378.21],2,2
[3471.29],4,4
[2535.03],3,3
[3213.95],4,4
[5458.92],5,5
[18117.31],5,5
[2000.03],3,3
[2706.49],3,3
[446.99],1,1
[53.52],1,1
[2873.65],3,3
[1449.7],2,2
[1036.37],2,2
[421.35],1,1
[3819.67],4,4
[2264.05],3,3
[1595.3],3,3
[1051.45],2,2
[1519.32],3,3
[2921.44],3,3
[659.68],2,2
[2340.17],3,3
[2157.46],3,3
[993.97],2,2
[1848.45],3,3
[2526.61],3,3
[3518.1],4,4
[2703.6],3,3
[532.31],2,2
[2554.07],3,3
[2301.93],3,3
[817.15],2,2
[3080.71],4,4
[2949.01],3,3
[1071.23],2,2
[2474.06],3,3
[1246.61],2,2
[3109.49],4,4
[7476.83],5,5
[3720.85],4,4
[1646.61],3,3
[1753.41],3,3
[3546.49],4,4
[1790.22],3,3
[1079.45],2,2
[1917.48],3,3
[831.52],2,2
[6396.09],5,5
[1908.29],3,3
[3546.48],4,4
[3491.87],4,4
[1316.86],2,2
[2436.06],3,3
[3170.33],4,4
[2490.44],3,3
[3144.35],4,4
[1581.38],3,3
[1184.62],2,2
[1401.29],2,2
[323.96],1,1
[2838.69],3,3
[3021.35],4,4
[2315.11],3,3
[2566.09],3,3
[1059.68],2,2
[1247.81],2,2
[17534.63],5,5
[2005.22],3,3
[3370.94],4,4
[1002.36],2,2
[3650.87],4,4
[1372.97],2,2
[5733.66],5,5
[2102.25],3,3
[1998.81],3,3
[2630.28],3,3
[3896.51],4,4
[998.77],2,2
[16131.29],5,5
[3291.8],4,4
[2165.91],3,3
[1264.94],2,2
[6206.06],5,5
[2918.24],3,3
[2134.69],3,3
[980.79],2,2
[1532.78],3,3
[3742.47],4,4
[3978.75],4,4
[1953.75],3,3
[3883.35],4,4
[6197.64],5,5
[3666.88],4,4
[1244.67],2,2
[3711.68],4,4
[6000.21],5,5
[2812.17],3,3
[1746.88],3,3
[2501.76],3,3
[2293.44],3,3
[3142.56],4,4
[2702.89],3,3
[5598.27],5,5
[3634.45],4,4
[1760.92],3,3
[1705.24],3,3
[156.4],1,1
[3729.26],4,4
[2416.73],3,3
[2072.93],3,3
[3023.36],4,4
[7844.04],5,5
[2644.77],3,3
[1862.21],3,3
[3913.89],4,4
[1955.26],3,3
[1326.01],2,2
[3496.52],4,4
[2867.44],3,3
[3663.15],4,4
[6715.38],5,5
[1634.8],3,3
[1558.71],3,3
[2192.15],3,3
[2729.3],3,3
[3680.48],4,4
[2928.98],3,3
[3333.38],4,4
[568.31],2,2
[1438.19],2,2
[1918.74],3,3
[2015.69],3,3
[3349.46],4,4
[3486.86],4,4
[2058.16],3,3
[1059.46],2,2
[1796.34],3,3
[3543.82],4,4
[1386.57],2,2
[3630.34],4,4
[2977.43],3,3
[8303.89],5,5
[3151.79],4,4
[3370.4],4,4
[1622.32],3,3
[3509.25],4,4
[498.05],1,1
[11890.01],5,5
[2336.6],3,3
[3931.29],4,4
[1573.63],3,3
[3355.1],4,4
[822.54],2,2
[3953.39],4,4
[1461.35],2,2
[3819.94],4,4
[4737.57],4,4
[1722.46],3,3
[2366.46],3,3
[1240.2],2,2
[1405.64],2,2
[321.66],1,1
[674.22],2,2
[724.28],2,2
[1539.43],3,3
[3453.32],4,4
[1323.73],2,2
[737.56],2,2
[2192.99],3,3
[2723.58],3,3
[3874.51],4,4
[1228.23],2,2
[3956.5],4,4
[1195.71],2,2
[1758.2],3,3
[3587.74],4,4
[3133.63],4,4
[3045.92],4,4
[2027.15],3,3
[3010.13],4,4
[1492.89],2,2
[2111.66],3,3
[2595.18],3,3
[2300.78],3,3
[7066.34],5,5
[1509.47],3,3
[5616.94],5,5
[2776.96],3,3
[3224.59],4,4
[3034.12],4,4
[2982.33],3,3
[1059.5],2,2
[1524.26],3,3
[2557.78],3,3
[3570.55],4,4
[2994.79],3,3
[3647.83],4,4
[3590.02],4,4
[3253.35],4,4
[1549.2],3,3
[3726.85],4,4
[1645.87],3,3
[7255.54],5,5
[1114.72],2,2
[3926.07],4,4
[2040.67],3,3
[3230.19],4,4
[2612.83],3,3
[2773.99],3,3
[1595.59],3,3
[2113.38],3,3
[2437.07],3,3
[3119.7],4,4
[2021.49],3,3
[619.04],2,2
[2843.33],3,3
[1379.69],2,2
[2378.21],3,3
[2174.03],3,3
[2945.26],3,3
[2990.9],3,3
[1993.46],3,3
[1890.8],3,3
[2389.81],3,3
[6269.99],5,5
[2936.57],3,3
[1985.68],3,3
[703.09],2,2
[3463.65],4,4
[848.01],2,2
[2605.07],3,3
[1920.29],3,3
[2701.56],3,3
[3974.32],4,4
[1398.76],2,2
[1810.17],3,3
[3492.09],4,4
[2635.3],3,3
[473.9],1,1
[2652.71],3,3
[2156.07],3,3
[8398.06],5,5
[7847.45],5,5
[2998.77],3,3
[2969.02],3,3
[2079.71],3,3
[1682.63],3,3
[3398.6],4,4
[5979.33],5,5
[1491.66],2,2
[2427.49],3,3
[2578.65],3,3
[12171.99],5,5
[1191.87],2,2
[2899.74],3,3
[3112.78],4,4
[2528.37],3,3
[3310.1],4,4
[1017.9],2,2
[3700.57],4,4
[2945.4],3,3
[3581.13],4,4
[2878.06],3,3
[3252.61],4,4
[1696.94],3,3
[2371.78],3,3
[1849.4],3,3
[14569.27],5,5
[1875.03],3,3
[2943.22],3,3
[631.77],2,2
[2540.4],3,3
[1124.03],2,2
[1960.0],3,3
[1169.86],2,2
[2002.52],3,3
[990.7],2,2
[1128.16],2,2
[1880.37],3,3
[3515.26],4,4
[3878.42],4,4
[3688.24],4,4
[8341.6],5,5
[2292.99],3,3
[1316.86],2,2
[4901.37],4,4
[1856.76],3,3
[3606.11],4,4
[4530.55],4,4
[3166.39],4,4
[1795.1],3,3
[645.4],2,2
[1626.69],3,3
[708.45],2,2
[2201.93],3,3
[3653.56],4,4
[1152.96],2,2
[3747.88],4,4
[460.55],1,1
[1987.59],3,3
[2409.56],3,3
[3609.7],4,4
[1663.75],3,3
[3182.86],4,4
[6605.75],5,5
[2140.79],3,3
[1677.02],3,3
[3590.07],4,4
[1927.51],3,3
[2769.67],3,3
[2431.66],3,3
[2704.12],3,3
[3849.2],4,4
[2111.36],3,3
[7493.33],5,5
[7088.12],5,5
[1036.21],2,2
[3399.31],4,4
[2466.81],3,3
[2598.14],3,3
[8584.37],5,5
[2844.94],3,3
[3231.79],4,4
[2798.72],3,3
[1805.71],3,3
[1640.03],3,3
[2964.48],3,3
[1014.58],2,2
[2460.78],3,3
[3411.07],4,4
[3080.66],4,4
[6523.41],5,5
[3248.15],4,4
[2130.66],3,3
[964.38],2,2
[3074.6],4,4
[2356.52],3,3
[3836.07],4,4
[3374.07],4,4
[17868.79],5,5
[6628.92],5,5
[3413.71],4,4
[3014.09],4,4
[3287.08],4,4
[3023.64],4,4
[1251.63],2,2
[3882.38],4,4
[2563.13],3,3
[1447.57],2,2
[4832.14],4,4
[3491.88],4,4
[1546.26],3,3
[2751.43],3,3
[1238.86],2,2
[2208.74],3,3
[1300.69],2,2
[3122.87],4,4
[1039.51],2,2
[1005.55],2,2
[3776.55],4,4
[6749.59],5,5
[3522.68],4,4
[2076.99],3,3
[1865.17],3,3
[2268.53],3,3
[1539.34],3,3
[2599.32],3,3
[3004.74],4,4
[2566.07],3,3
[1671.84],3,3
[1883.06],3,3
[2081.22],3,3
[3006.92],4,4
[995.22],2,2
[2617.95],3,3
[10449.61],5,5
[518.34],2,2
[2399.23],3,3
[1459.67],2,2
[3624.23],4,4
[532.02],2,2
[1360.05],2,2
[3557.44],4,4
[2383.97],3,3
[1544.96],3,3
[2708.04],3,3
[3990.72],4,4
[1830.7],3,3
[3760.48],4,4
[1017.09],2,2
[3957.46],4,4
[2074.64],3,3
[1855.03],3,3
[2835.97],3,3
[1491.63],2,2
[3571.74],4,4
[1749.04],3,3
[3367.22],4,4
[3233.75],4,4
[2217.79],3,3
[3670.5],4,4
[1456.8],2,2
[1283.59],2,2
[1734.9],3,3
[3035.2],4,4
[874.17],2,2
[3845.22],4,4
[3346.44],4,4
[2516.77],3,3
[1479.75],2,2
[3887.98],4,4
[1369.23],2,2
[3700.64],4,4
[2303.01],3,3
[136.08],1,1
[704.58],2,2
[2530.95],3,3
[3226.2],4,4
[2194.33],3,3
[2362.62],3,3
[3214.21],4,4
[1704.79],3,3
[3568.34],4,4
[2309.57],3,3
[1806.91],3,3
[1884.2],3,3
[1797.59],3,3
[3099.19],4,4
[2502.63],3,3
[1731.31],3,3
[1980.85],3,3
[902.8],2,2
[1305.33],2,2
[1289.85],2,2
[539.38],2,2
[1559.49],3,3
[1068.09],2,2
[2770.02],3,3
[2321.32],3,3
[3400.39],4,4
[315.49],1,1
[1264.94],2,2
[2144.84],3,3
[2978.73],3,3
[2015.75],3,3
[2527.04],3,3
[712.3],2,2
[1504.2],3,3
[2120.65],3,3
[2938.13],3,3
[2936.45],3,3
[2559.24],3,3
[644.05],2,2
[1808.14],3,3
[767.59],2,2
[3795.24],4,4
[3182.67],4,4
[1287.03],2,2
[3031.95],4,4
[2791.94],3,3
[2070.58],3,3
[2925.21],3,3
[1154.76],2,2
[2843.54],3,3
[3267.59],4,4
[3581.8],4,4
[3111.29],4,4
[3699.06],4,4
[624.86],2,2
[2495.14],3,3
[3366.38],4,4
[1041.6],2,2
[2732.59],3,3
[1379.63],2,2
[2019.73],3,3
[3562.6],4,4
[1963.03],3,3
[2617.52],3,3
[1166.28],2,2
[4437.05],4,4
[1866.47],3,3
[1493.71],2,2
[2359.96],3,3
[39.02],1,1
[1208.26],2,2
[1439.62],2,2
[14434.1],5,5
[7940.07],5,5
[1610.07],3,3
[3944.83],4,4
[2089.05],3,3
[1069.35],2,2
[801.59],2,2
[1456.65],2,2
[2059.15],3,3
[2399.53],3,3
[3185.63],4,4
[2344.85],3,3
[2739.26],3,3
[2028.59],3,3
[19175.63],5,5
[3185.05],4,4
[2322.74],3,3
[5486.69],5,5
[3183.77],4,4
[1094.63],2,2
[1743.57],3,3
[1428.53],2,2
[1851.14],3,3
[3255.7],4,4
[3224.36],4,4
[368.86],1,1
[2234.97],3,3
[3537.97],4,4
[603.83],2,2
[8042.2],5,5
[2139.23],3,3
[1837.78],3,3
[1389.69],2,2
[3512.81],4,4
[1501.68],3,3
[1229.9],2,2
[6368.66],5,5
[1091.79],2,2
[3905.81],4,4
[2396.3],3,3
[3534.07],4,4
[2661.25],3,3
[2041.68],3,3
[2985.49],3,3
[3976.35],4,4
[3900.84],4,4
[3700.67],4,4
[2600.73],3,3
[1617.75],3,3
[1085.06],2,2
[2276.4],3,3
[809.55],2,2
[825.17],2,2
[5735.37],5,5
[1817.91],3,3
[3807.07],4,4
[767.38],2,2
[2352.69],3,3
[1007.75],2,2
[1919.23],3,3
[989.22],2,2
[1576.69],3,3
[3669.33],4,4
[2574.13],3,3
[1718.37],3,3
[2652.06],3,3
[1642.92],3,3
[3195.09],4,4
[1264.93],2,2
[1242.73],2,2
[2032.34],3,3
[3034.35],4,4
[1721.37],3,3
[2154.13],3,3
[1154.69],2,2
[856.18],2,2
[1149.26],2,2
[3914.39],4,4
[3038.24],4,4
[3557.27],4,4
[2265.27],3,3
[851.24],2,2
[2376.81],3,3
[2134.3],3,3
[2096.62],3,3
[931.16],2,2
[3664.5],4,4
[3210.62],4,4
[3475.12],4,4
[2948.07],3,3
[2020.46],3,3
[2135.91],3,3
[1457.24],2,2
[1266.17],2,2
[2094.86],3,3
[1868.17],3,3
[2386.58],3,3
[3003.2],4,4
[2167.03],3,3
[2324.58],3,3
[1426.77],2,2
[2527.83],3,3
[1051.89],2,2
[1601.23],3,3
[874.42],2,2
[2574.68],3,3
[2793.73],3,3
[3249.07],4,4
[3744.37],4,4
[738.48],2,2
[2327.75],3,3
[4790.49],4,4
[3033.73],4,4
[2768.13],3,3
[5188.79],5,5
[1102.77],2,2
[2013.85],3,3
[3016.77],4,4
[1493.86],2,2
[1939.66],3,3
[3025.23],4,4
[1846.19],3,3
[3035.51],4,4
[61.48],1,1
[3349.11],4,4
[1569.81],3,3
[3387.59],4,4
[2317.13],3,3
[3711.71],4,4
[591.96],2,2
[920.18],2,2
[482.62],1,1
[3625.65],4,4
[1029.94],2,2
[3975.47],4,4
[1729.09],3,3
[12061.34],5,5
[805.5],2,2
[2623.34],3,3
[1665.53],3,3
[3180.56],4,4
[3904.16],4,4
[1717.35],3,3
[1921.49],3,3
[2451.06],3,3
[3346.88],4,4
[3272.03],4,4
[3141.8],4,4
[5153.76],5,5
[3774.09],4,4
[5857.45],5,5
[3027.46],4,4
[1617.85],3,3
[6704.13],5,5
[2719.08],3,3
[532.78],2,2
[2313.65],3,3
[3206.95],4,4
[1963.27],3,3
[1154.49],2,2
[1397.46],2,2
[2755.02],3,3
[1000.12],2,2
[3908.04],4,4
[2309.44],3,3
[9090.52],5,5
[2408.87],3,3
[2598.77],3,3
[3268.01],4,4
[1226.17],2,2
[1085.12],2,2
[2404.19],3,3
[3416.97],4,4
[1154.27],2,2
[3072.83],4,4
[3397.22],4,4
[3891.84],4,4
[3011.62],4,4
[3220.32],4,4
[1664.97],3,3
[2484.31],3,3
[4138.22],4,4
[40.03],1,1
[2431.16],3,3
[4398.07],4,4
[1092.01],2,2
[1657.73],3,3
[2107.69],3,3
[2601.19],3,3
[2921.23],3,3
[1910.02],3,3
[2919.61],3,3
[1542.47],3,3
[634.33],2,2
[2882.29],3,3
[2881.16],3,3
[7217.12],5,5
[1353.83],2,2
[7371.77],5,5
[1919.87],3,3
[3162.05],4,4
[19294.74],5,5
[6254.03],5,5
[2504.07],3,3
[3632.78],4,4
[2038.61],3,3
[2376.05],3,3
[2059.03],3,3
[1676.49],3,3
[1701.36],3,3
[3699.12],4,4
[2387.95],3,3
[10257.37],5,5
[3733.78],4,4
[910.15],2,2
[1503.75],3,3
[1357.66],2,2
[2958.55],3,3
[3482.17],4,4
[3460.74],4,4
[3679.09],4,4
[1906.73],3,3
[1579.81],3,3
[2798.01],3,3
[2929.62],3,3
[3176.48],4,4
[3389.78],4,4
[1848.82],3,3
[4968.57],4,4
[2930.92],3,3
[2616.36],3,3
[2346.61],3,3
[906.41],2,2
[1884.47],3,3
[737.51],2,2
[279.98],1,1
[1681.69],3,3
[3609.33],4,4
[2335.74],3,3
[1046.7],2,2
[3889.48],4,4
[2930.74],3,3
[3983.74],4,4
[1492.23],2,2
[1525.65],3,3
[2096.29],3,3
[5046.74],5,5
[1412.46],2,2
[1282.31],2,2
[7292.84],5,5
[2093.1],3,3
[1024.87],2,2
[822.58],2,2
[3307.05],4,4
[2770.99],3,3
[1874.01],3,3
[1263.09],2,2
[1780.79],3,3
[622.75],2,2
[3688.47],4,4
[3868.82],4,4
[1242.12],2,2
[2452.07],3,3
[3826.12],4,4
[1495.03],2,2
[2475.53],3,3
[2995.33],3,3
[13207.16],5,5
[6331.9],5,5
[2380.03],3,3
[3522.95],4,4
[2558.13],3,3
[3049.15],4,4
[874.02],2,2
[1703.77],3,3
[1950.7],3,3
[1574.7],3,3
[3734.62],4,4
[1330.02],2,2
[3119.05],4,4
[13683.12],5,5
[18200.75],5,5
[777.14],2,2
[1340.11],2,2
[2707.99],3,3
[1789.68],3,3
[1967.1],3,3
[1930.38],3,3
[1114.27],2,2
[3940.37],4,4
[3706.52],4,4
[3067.69],4,4
[42.28],1,1
[2541.57],3,3
[1376.36],2,2
[1522.61],3,3
[3871.03],4,4
[1690.24],3,3
[1712.3],3,3
[3899.27],4,4
[2318.41],3,3
[3446.93],4,4
[3361.78],4,4
[3855.79],4,4
[1284.33],2,2
[3349.51],4,4
[2114.38],3,3
[2189.46],3,3
[3208.93],4,4
[854.84],2,2
[3959.34],4,4
[1900.35],3,3
[2065.05],3,3
[1306.59],2,2
[2832.81],3,3
[2674.76],3,3
[1730.4],3,3
[2732.08],3,3
[629.22],2,2
[2444.83],3,3
[3012.36],4,4
[1353.8],2,2
[1716.21],3,3
[2853.14],3,3
[3647.42],4,4
[2557.66],3,3
[6268.8],5,5
[2130.32],3,3
[2480.13],3,3
[3486.66],4,4
[3220.48],4,4
[1041.51],2,2
[1789.95],3,3
[2615.75],3,3
[2980.32],3,3
[2158.35],3,3
[2904.89],3,3
[2250.76],3,3
[2657.58],3,3
[900.36],2,2
[2824.48],3,3
[473.39],1,1
[3805.17],4,4
[1113.49],2,2
[2951.53],3,3
[1303.73],2,2
[1477.88],2,2
[7393.41],5,5
[3792.06],4,4
[3599.09],4,4
[3532.73],4,4
[2745.83],3,3
[1867.71],3,3
[14018.2],5,5
[2471.75],3,3
[572.01],2,2
[1994.47],3,3
[3391.5],4,4
[6885.45],5,5
[2508.36],3,3
[2114.77],3,3
[2963.81],3,3
[2828.48],3,3
[3645.67],4,4
[3489.13],4,4
[3676.03],4,4
[1090.9],2,2
[3258.39],4,4
[795.08],2,2
[2619.69],3,3
[3389.48],4,4
[1524.73],3,3
[809.2],2,2
[3979.25],4,4
[392.04],1,1
[641.71],2,2
[2900.12],3,3
[223.99],1,1
[3168.46],4,4
[1335.36],2,2
[3129.94],4,4
[1552.4],3,3
[1652.6],3,3
[3718.54],4,4
[2298.74],3,3
[1222.39],2,2
[1130.59],2,2
[1605.29],3,3
[1697.71],3,3
[2146.85],3,3
[2475.16],3,3
[1013.01],2,2
[3502.04],4,4
[2971.75],3,3
[1409.89],2,2
[2783.64],3,3
[2959.68],3,3
[3615.0],4,4
[3261.15],4,4
[1211.71],2,2
[3310.31],4,4
[17325.37],5,5
[826.28],2,2
[538.21],2,2
[3227.22],4,4
[3337.89],4,4
[3454.43],4,4
[2692.84],3,3
[2759.61],3,3
[3690.54],4,4
[873.66],2,2
[3418.65],4,4
[1074.34],2,2
[1414.94],2,2
[3277.84],4,4
[6411.49],5,5
[389.0],1,1
[2886.24],3,3
[2920.49],3,3
[3603.69],4,4
[136.24],1,1
[845.1],2,2
[1655.27],3,3
[845.28],2,2
[2697.61],3,3
[2596.3],3,3
[3207.58],4,4
[1792.64],3,3
[333.08],1,1
[2607.85],3,3
[3179.08],4,4
[543.6],2,2
[2667.3],3,3
[1593.7],3,3
[2239.84],3,3
[849.25],2,2
[2865.87],3,3
[3383.13],4,4
[2110.63],3,3
[1183.98],2,2
[1128.9],2,2
[692.59],2,2
[3529.39],4,4
[2779.97],3,3
[392.19],1,1
[236.79],1,1
[900.22],2,2
[3697.49],4,4
[499.64],1,1
[3231.08],4,4
[2457.18],3,3
[1415.71],2,2
[1608.78],3,3
[3975.41],4,4
[1840.12],3,3
[2944.39],3,3
[1334.56],2,2
[2280.67],3,3
[5021.19],5,5
[2461.49],3,3
[370.48],1,1
[982.59],2,2
[3378.01],4,4
[2667.46],3,3
[3531.65],4,4
[3597.8],4,4
[83.77],1,1
[2298.23],3,3
[698.14],2,2
[3804.98],4,4
[3283.69],4,4
[3020.76],4,4
[2688.51],3,3
[1296.62],2,2
[579.78],2,2
[3113.15],4,4
[1463.2],2,2
[851.44],2,2
[632.92],2,2
[2722.55],3,3
[1862.53],3,3
[5635.14],5,5
[2715.73],3,3
[1052.75],2,2
[344.84],1,1
[1553.21],3,3
[3852.78],4,4
[512.44],2,2
[1011.07],2,2
[2566.67],3,3
[3006.33],4,4
[3830.71],4,4
[3580.12],4,4
[2331.79],3,3
[1893.03],3,3
[11206.06],5,5
[2761.22],3,3
[69.9],1,1
[1092.26],2,2
[2021.33],3,3
[2138.81],3,3
[13614.53],5,5
[555.67],2,2
[3363.72],4,4
[1575.11],3,3
[675.05],2,2
[3070.57],4,4
[7698.37],5,5
[3456.1],4,4
[2915.74],3,3
[2032.65],3,3
[1707.26],3,3
[2290.97],3,3
[1445.03],2,2
[13232.28],5,5
[551.65],2,2
[2541.53],3,3
[2497.9],3,3
[3803.85],4,4
[549.87],2,2
[1308.04],2,2
[3667.33],4,4
[1629.32],3,3
[3736.11],4,4
[3801.64],4,4
[3665.73],4,4
[2247.86],3,3
[11263.96],5,5
[1395.97],2,2
[1774.29],3,3
[1422.46],2,2
[3872.55],4,4
[3169.06],4,4
[1689.95],3,3
[2798.78],3,3
[1785.63],3,3
[3689.55],4,4
[3102.15],4,4
[14747.09],5,5
[1750.09],3,3
[648.23],2,2
[2607.58],3,3
[1670.53],3,3
[1670.99],3,3
[1031.94],2,2
[1627.05],3,3
[3148.87],4,4
[3594.89],4,4
[1078.21],2,2
[1712.37],3,3
[3305.15],4,4
[2036.79],3,3
[1558.81],3,3
[2477.79],3,3
[2235.91],3,3
[944.17],2,2
[2693.88],3,3
[1293.6],2,2
[938.06],2,2
[182.09],1,1
[3448.62],4,4
[3840.84],4,4
[1867.24],3,3
[3973.85],4,4
[1324.61],2,2
[2946.95],3,3
[637.15],2,2
[2114.82],3,3
[2910.32],3,3
[3072.0],4,4
[1609.63],3,3
[1317.97],2,2
[3292.25],4,4
[911.57],2,2
[2378.28],3,3
[2337.34],3,3
[1530.19],3,3
[2354.37],3,3
[2010.44],3,3
[1491.33],2,2
[3036.77],4,4
[981.08],2,2
[3989.71],4,4
[3994.94],4,4
[6104.65],5,5
[2630.09],3,3
[3354.54],4,4
[3288.96],4,4
[1647.32],3,3
[3648.43],4,4
[3354.21],4,4
[2503.3],3,3
[6729.53],5,5
[1108.48],2,2
[840.5],2,2
[1244.23],2,2
[1774.34],3,3
[2987.38],3,3
[3794.91],4,4
[2874.36],3,3
[1318.05],2,2
[1126.46],2,2
[1178.25],2,2
[1355.72],2,2
[1912.49],3,3
[1972.5],3,3
[2921.99],3,3
[1587.62],3,3
[7282.25],5,5
[1127.46],2,2
[1807.08],3,3
[1342.25],2,2
[1388.23],2,2
[3695.11],4,4
[2900.71],3,3
[2023.74],3,3
[1694.69],3,3
[3954.51],4,4
[3439.3],4,4
[3882.09],4,4
[3468.78],4,4
[2454.0],3,3
[3491.44],4,4
[2477.47],3,3
[1718.07],3,3
[5222.13],5,5
[2520.12],3,3
[3619.95],4,4
[1144.14],2,2
[1891.42],3,3
[935.79],2,2
[2570.81],3,3
[1285.61],2,2
[1501.92],3,3
[4730.72],4,4
[5412.05],5,5
[3100.55],4,4
[3008.31],4,4
[3180.51],4,4
[1789.95],3,3
[1024.27],2,2
[1212.74],2,2
[6393.62],5,5
[1144.12],2,2
[3917.89],4,4
[842.39],2,2
[1229.57],2,2
[651.65],2,2
[1467.62],2,2
[3123.28],4,4
[3322.31],4,4
[94.89],1,1
[3428.51],4,4
[3226.06],4,4
[538.15],2,2
[1240.74],2,2
[3981.25],4,4
[3768.58],4,4
[1610.66],3,3
[2057.14],3,3
[1229.36],2,2
[2029.2],3,3
[3637.6],4,4
[1544.15],3,3
[879.53],2,2
[1397.03],2,2
[2147.92],3,3
[2292.98],3,3
[3726.02],4,4
[4801.39],4,4
[3738.96],4,4
[3710.53],4,4
[4361.27],4,4
[3855.88],4,4
[1644.51],3,3
[2445.55],3,3
[2954.19],3,3
[3253.61],4,4
[1430.89],2,2
[872.84],2,2
[307.17],1,1
[625.93],2,2
[2174.43],3,3
[3323.43],4,4
[3947.55],4,4
[1469.81],2,2
[17758.62],5,5
[2933.33],3,3
[1031.05],2,2
[832.48],2,2
[3617.42],4,4
[185.9],1,1
[2120.08],3,3
[2494.03],3,3
[2912.06],3,3
[2922.01],3,3
[2612.44],3,3
[3214.29],4,4
[3076.39],4,4
[1565.94],3,3
[2333.64],3,3
[3690.9],4,4
[3494.05],4,4
[2788.13],3,3
[2103.25],3,3
[2115.47],3,3
[1787.83],3,3
[354.79],1,1
[1133.61],2,2
[1119.57],2,2
[1030.15],2,2
[3057.89],4,4
[1390.75],2,2
[2668.63],3,3
[2844.16],3,3
[2402.75],3,3
[3979.91],4,4
[16520.09],5,5
[2393.26],3,3
[8734.79],5,5
[371.24],1,1
[1117.81],2,2
[1690.41],3,3
[2678.41],3,3
[3131.44],4,4
[1928.13],3,3
[3308.04],4,4
[2753.48],3,3
[5280.8],5,5
[5213.45],5,5
[3905.44],4,4
[5285.76],5,5
[3359.79],4,4
[1803.1],3,3
[3659.36],4,4
[7031.66],5,5
[1720.42],3,3
[2729.47],3,3
[1892.76],3,3
[2314.67],3,3
[3083.45],4,4
[166.7],1,1
[3517.11],4,4
[2486.28],3,3
[3125.64],4,4
[1364.71],2,2
[2237.58],3,3
[2199.99],3,3
[3525.22],4,4
[3853.17],4,4
[3793.71],4,4
[570.78],2,2
[2601.19],3,3
[2688.82],3,3
[1946.55],3,3
[2158.48],3,3
[1463.75],2,2
[1570.17],3,3
[2900.53],3,3
[1763.33],3,3
[2069.8],3,3
[1540.38],3,3
[2954.59],3,3
[2832.95],3,3
[2033.96],3,3
[1910.59],3,3
[3984.48],4,4
[1568.66],3,3
[1259.32],2,2
[1135.32],2,2
